lecture video A index,lecture video A title,lecture video A site,lecture video B index,lecture video B title,lecture video B site,vote
1,the shock of 1914,https://www.coursera.org/learn/modern-world-2/lecture/0HpB3/the-shock-of-1914,5,all the plans fail,https://www.coursera.org/learn/modern-world-2/lecture/1mJ4S/all-the-plans-fail,1
1,the shock of 1914,https://www.coursera.org/learn/modern-world-2/lecture/0HpB3/the-shock-of-1914,6,on to victory,https://www.coursera.org/learn/modern-world-2/lecture/uzCWC/on-to-victory,1
1,the shock of 1914,https://www.coursera.org/learn/modern-world-2/lecture/0HpB3/the-shock-of-1914,7,total states,https://www.coursera.org/learn/modern-world-2/lecture/zHRKH/total-states,1
1,the shock of 1914,https://www.coursera.org/learn/modern-world-2/lecture/0HpB3/the-shock-of-1914,8,why did the allies win,https://www.coursera.org/learn/modern-world-2/lecture/4asZC/why-did-the-allies-win,1
1,the shock of 1914,https://www.coursera.org/learn/modern-world-2/lecture/0HpB3/the-shock-of-1914,11,anti communism,https://www.coursera.org/learn/modern-world-2/lecture/L103r/anti-communism,0
1,the shock of 1914,https://www.coursera.org/learn/modern-world-2/lecture/0HpB3/the-shock-of-1914,12,the age of uncertainty,https://www.coursera.org/learn/modern-world-2/lecture/6Z7AQ/the-age-of-uncertainty,1
1,the shock of 1914,https://www.coursera.org/learn/modern-world-2/lecture/0HpB3/the-shock-of-1914,13,modern women,https://www.coursera.org/learn/modern-world-2/lecture/O3yn2/modern-women,0
1,the shock of 1914,https://www.coursera.org/learn/modern-world-2/lecture/0HpB3/the-shock-of-1914,14,the world of 1930,https://www.coursera.org/learn/modern-world-2/lecture/RyCaf/the-world-of-1930,1
1,the shock of 1914,https://www.coursera.org/learn/modern-world-2/lecture/0HpB3/the-shock-of-1914,15,challenges to capitalism and collective security,https://www.coursera.org/learn/modern-world-2/lecture/mWxo9/challenges-to-capitalism-and-collective-security,0
1,the shock of 1914,https://www.coursera.org/learn/modern-world-2/lecture/0HpB3/the-shock-of-1914,16,escapes from freedom,https://www.coursera.org/learn/modern-world-2/lecture/yah93/escapes-from-freedom,0
1,the shock of 1914,https://www.coursera.org/learn/modern-world-2/lecture/0HpB3/the-shock-of-1914,17,total politics,https://www.coursera.org/learn/modern-world-2/lecture/PbE5Q/total-politics,0
1,the shock of 1914,https://www.coursera.org/learn/modern-world-2/lecture/0HpB3/the-shock-of-1914,18,new wars for new empires,https://www.coursera.org/learn/modern-world-2/lecture/wGfdc/new-wars-for-new-empires,0
1,the shock of 1914,https://www.coursera.org/learn/modern-world-2/lecture/0HpB3/the-shock-of-1914,21,gambling for victory,https://www.coursera.org/learn/modern-world-2/lecture/JxxR2/gambling-for-victory,0
1,the shock of 1914,https://www.coursera.org/learn/modern-world-2/lecture/0HpB3/the-shock-of-1914,22,strategies for total war,https://www.coursera.org/learn/modern-world-2/lecture/XQDSI/strategies-for-total-war,0
1,the shock of 1914,https://www.coursera.org/learn/modern-world-2/lecture/0HpB3/the-shock-of-1914,23,zero hour,https://www.coursera.org/learn/modern-world-2/lecture/KtIMl/zero-hour,0
1,the shock of 1914,https://www.coursera.org/learn/modern-world-2/lecture/0HpB3/the-shock-of-1914,24,imagining new countries,https://www.coursera.org/learn/modern-world-2/lecture/0Q8Jx/imagining-new-countries,0
1,the shock of 1914,https://www.coursera.org/learn/modern-world-2/lecture/0HpB3/the-shock-of-1914,25,postwar,https://www.coursera.org/learn/modern-world-2/lecture/MvvEo/postwar,0
1,the shock of 1914,https://www.coursera.org/learn/modern-world-2/lecture/0HpB3/the-shock-of-1914,26,two europes,https://www.coursera.org/learn/modern-world-2/lecture/ufWCN/two-europes,0
1,the shock of 1914,https://www.coursera.org/learn/modern-world-2/lecture/0HpB3/the-shock-of-1914,29,choosing war in korea,https://www.coursera.org/learn/modern-world-2/lecture/VieTw/choosing-war-in-korea,0
1,the shock of 1914,https://www.coursera.org/learn/modern-world-2/lecture/0HpB3/the-shock-of-1914,32,the nuclear revolution,https://www.coursera.org/learn/modern-world-2/lecture/vckU1/the-nuclear-revolution,0
1,the shock of 1914,https://www.coursera.org/learn/modern-world-2/lecture/0HpB3/the-shock-of-1914,33,new empires and confederations,https://www.coursera.org/learn/modern-world-2/lecture/GrYhD/new-empires-and-confederations,0
1,the shock of 1914,https://www.coursera.org/learn/modern-world-2/lecture/0HpB3/the-shock-of-1914,34,the third world,https://www.coursera.org/learn/modern-world-2/lecture/2Pcqj/the-third-world,0
1,the shock of 1914,https://www.coursera.org/learn/modern-world-2/lecture/0HpB3/the-shock-of-1914,35,to the brink,https://www.coursera.org/learn/modern-world-2/lecture/x3FDe/to-the-brink,0
1,the shock of 1914,https://www.coursera.org/learn/modern-world-2/lecture/0HpB3/the-shock-of-1914,36,wars of containment,https://www.coursera.org/learn/modern-world-2/lecture/ioucd/wars-of-containment,0
1,the shock of 1914,https://www.coursera.org/learn/modern-world-2/lecture/0HpB3/the-shock-of-1914,38,the weary establishment,https://www.coursera.org/learn/modern-world-2/lecture/rtuBE/the-weary-establishment,0
1,the shock of 1914,https://www.coursera.org/learn/modern-world-2/lecture/0HpB3/the-shock-of-1914,43,the end of the cold war,https://www.coursera.org/learn/modern-world-2/lecture/nDYXg/the-end-of-the-cold-war,0
1,the shock of 1914,https://www.coursera.org/learn/modern-world-2/lecture/0HpB3/the-shock-of-1914,45,toward a new era in world history,https://www.coursera.org/learn/modern-world-2/lecture/8LMac/toward-a-new-era-in-world-history,0
1,the shock of 1914,https://www.coursera.org/learn/modern-world-2/lecture/0HpB3/the-shock-of-1914,50,the global and the local,https://www.coursera.org/learn/modern-world-2/lecture/7evOd/the-global-and-the-local,0
1,the shock of 1914,https://www.coursera.org/learn/modern-world-2/lecture/0HpB3/the-shock-of-1914,51,an age of transition,https://www.coursera.org/learn/modern-world-2/lecture/2LHxa/an-age-of-transition,1
2,schizophrenic germany,https://www.coursera.org/learn/modern-world-2/lecture/exOLl/schizophrenic-germany,5,all the plans fail,https://www.coursera.org/learn/modern-world-2/lecture/1mJ4S/all-the-plans-fail,0
2,schizophrenic germany,https://www.coursera.org/learn/modern-world-2/lecture/exOLl/schizophrenic-germany,6,on to victory,https://www.coursera.org/learn/modern-world-2/lecture/uzCWC/on-to-victory,1
2,schizophrenic germany,https://www.coursera.org/learn/modern-world-2/lecture/exOLl/schizophrenic-germany,8,why did the allies win,https://www.coursera.org/learn/modern-world-2/lecture/4asZC/why-did-the-allies-win,0
2,schizophrenic germany,https://www.coursera.org/learn/modern-world-2/lecture/exOLl/schizophrenic-germany,11,anti communism,https://www.coursera.org/learn/modern-world-2/lecture/L103r/anti-communism,0
2,schizophrenic germany,https://www.coursera.org/learn/modern-world-2/lecture/exOLl/schizophrenic-germany,12,the age of uncertainty,https://www.coursera.org/learn/modern-world-2/lecture/6Z7AQ/the-age-of-uncertainty,0
2,schizophrenic germany,https://www.coursera.org/learn/modern-world-2/lecture/exOLl/schizophrenic-germany,13,modern women,https://www.coursera.org/learn/modern-world-2/lecture/O3yn2/modern-women,0
2,schizophrenic germany,https://www.coursera.org/learn/modern-world-2/lecture/exOLl/schizophrenic-germany,14,the world of 1930,https://www.coursera.org/learn/modern-world-2/lecture/RyCaf/the-world-of-1930,1
2,schizophrenic germany,https://www.coursera.org/learn/modern-world-2/lecture/exOLl/schizophrenic-germany,15,challenges to capitalism and collective security,https://www.coursera.org/learn/modern-world-2/lecture/mWxo9/challenges-to-capitalism-and-collective-security,0
2,schizophrenic germany,https://www.coursera.org/learn/modern-world-2/lecture/exOLl/schizophrenic-germany,16,escapes from freedom,https://www.coursera.org/learn/modern-world-2/lecture/yah93/escapes-from-freedom,1
2,schizophrenic germany,https://www.coursera.org/learn/modern-world-2/lecture/exOLl/schizophrenic-germany,17,total politics,https://www.coursera.org/learn/modern-world-2/lecture/PbE5Q/total-politics,0
2,schizophrenic germany,https://www.coursera.org/learn/modern-world-2/lecture/exOLl/schizophrenic-germany,18,new wars for new empires,https://www.coursera.org/learn/modern-world-2/lecture/wGfdc/new-wars-for-new-empires,0
2,schizophrenic germany,https://www.coursera.org/learn/modern-world-2/lecture/exOLl/schizophrenic-germany,21,gambling for victory,https://www.coursera.org/learn/modern-world-2/lecture/JxxR2/gambling-for-victory,0
2,schizophrenic germany,https://www.coursera.org/learn/modern-world-2/lecture/exOLl/schizophrenic-germany,22,strategies for total war,https://www.coursera.org/learn/modern-world-2/lecture/XQDSI/strategies-for-total-war,0
2,schizophrenic germany,https://www.coursera.org/learn/modern-world-2/lecture/exOLl/schizophrenic-germany,23,zero hour,https://www.coursera.org/learn/modern-world-2/lecture/KtIMl/zero-hour,0
2,schizophrenic germany,https://www.coursera.org/learn/modern-world-2/lecture/exOLl/schizophrenic-germany,24,imagining new countries,https://www.coursera.org/learn/modern-world-2/lecture/0Q8Jx/imagining-new-countries,0
2,schizophrenic germany,https://www.coursera.org/learn/modern-world-2/lecture/exOLl/schizophrenic-germany,25,postwar,https://www.coursera.org/learn/modern-world-2/lecture/MvvEo/postwar,0
2,schizophrenic germany,https://www.coursera.org/learn/modern-world-2/lecture/exOLl/schizophrenic-germany,26,two europes,https://www.coursera.org/learn/modern-world-2/lecture/ufWCN/two-europes,1
2,schizophrenic germany,https://www.coursera.org/learn/modern-world-2/lecture/exOLl/schizophrenic-germany,28,the age of the americans,https://www.coursera.org/learn/modern-world-2/lecture/0gCBs/the-age-of-the-americans,0
2,schizophrenic germany,https://www.coursera.org/learn/modern-world-2/lecture/exOLl/schizophrenic-germany,32,the nuclear revolution,https://www.coursera.org/learn/modern-world-2/lecture/vckU1/the-nuclear-revolution,0
2,schizophrenic germany,https://www.coursera.org/learn/modern-world-2/lecture/exOLl/schizophrenic-germany,33,new empires and confederations,https://www.coursera.org/learn/modern-world-2/lecture/GrYhD/new-empires-and-confederations,0
2,schizophrenic germany,https://www.coursera.org/learn/modern-world-2/lecture/exOLl/schizophrenic-germany,35,to the brink,https://www.coursera.org/learn/modern-world-2/lecture/x3FDe/to-the-brink,0
2,schizophrenic germany,https://www.coursera.org/learn/modern-world-2/lecture/exOLl/schizophrenic-germany,36,wars of containment,https://www.coursera.org/learn/modern-world-2/lecture/ioucd/wars-of-containment,0
2,schizophrenic germany,https://www.coursera.org/learn/modern-world-2/lecture/exOLl/schizophrenic-germany,38,the weary establishment,https://www.coursera.org/learn/modern-world-2/lecture/rtuBE/the-weary-establishment,0
2,schizophrenic germany,https://www.coursera.org/learn/modern-world-2/lecture/exOLl/schizophrenic-germany,43,the end of the cold war,https://www.coursera.org/learn/modern-world-2/lecture/nDYXg/the-end-of-the-cold-war,1
2,schizophrenic germany,https://www.coursera.org/learn/modern-world-2/lecture/exOLl/schizophrenic-germany,45,toward a new era in world history,https://www.coursera.org/learn/modern-world-2/lecture/8LMac/toward-a-new-era-in-world-history,0
2,schizophrenic germany,https://www.coursera.org/learn/modern-world-2/lecture/exOLl/schizophrenic-germany,50,the global and the local,https://www.coursera.org/learn/modern-world-2/lecture/7evOd/the-global-and-the-local,0
2,schizophrenic germany,https://www.coursera.org/learn/modern-world-2/lecture/exOLl/schizophrenic-germany,51,an age of transition,https://www.coursera.org/learn/modern-world-2/lecture/2LHxa/an-age-of-transition,0
5,all the plans fail,https://www.coursera.org/learn/modern-world-2/lecture/1mJ4S/all-the-plans-fail,6,on to victory,https://www.coursera.org/learn/modern-world-2/lecture/uzCWC/on-to-victory,1
5,all the plans fail,https://www.coursera.org/learn/modern-world-2/lecture/1mJ4S/all-the-plans-fail,7,total states,https://www.coursera.org/learn/modern-world-2/lecture/zHRKH/total-states,1
5,all the plans fail,https://www.coursera.org/learn/modern-world-2/lecture/1mJ4S/all-the-plans-fail,8,why did the allies win,https://www.coursera.org/learn/modern-world-2/lecture/4asZC/why-did-the-allies-win,1
5,all the plans fail,https://www.coursera.org/learn/modern-world-2/lecture/1mJ4S/all-the-plans-fail,11,anti communism,https://www.coursera.org/learn/modern-world-2/lecture/L103r/anti-communism,0
5,all the plans fail,https://www.coursera.org/learn/modern-world-2/lecture/1mJ4S/all-the-plans-fail,12,the age of uncertainty,https://www.coursera.org/learn/modern-world-2/lecture/6Z7AQ/the-age-of-uncertainty,1
5,all the plans fail,https://www.coursera.org/learn/modern-world-2/lecture/1mJ4S/all-the-plans-fail,13,modern women,https://www.coursera.org/learn/modern-world-2/lecture/O3yn2/modern-women,0
5,all the plans fail,https://www.coursera.org/learn/modern-world-2/lecture/1mJ4S/all-the-plans-fail,14,the world of 1930,https://www.coursera.org/learn/modern-world-2/lecture/RyCaf/the-world-of-1930,0
5,all the plans fail,https://www.coursera.org/learn/modern-world-2/lecture/1mJ4S/all-the-plans-fail,15,challenges to capitalism and collective security,https://www.coursera.org/learn/modern-world-2/lecture/mWxo9/challenges-to-capitalism-and-collective-security,0
5,all the plans fail,https://www.coursera.org/learn/modern-world-2/lecture/1mJ4S/all-the-plans-fail,16,escapes from freedom,https://www.coursera.org/learn/modern-world-2/lecture/yah93/escapes-from-freedom,0
5,all the plans fail,https://www.coursera.org/learn/modern-world-2/lecture/1mJ4S/all-the-plans-fail,17,total politics,https://www.coursera.org/learn/modern-world-2/lecture/PbE5Q/total-politics,0
5,all the plans fail,https://www.coursera.org/learn/modern-world-2/lecture/1mJ4S/all-the-plans-fail,18,new wars for new empires,https://www.coursera.org/learn/modern-world-2/lecture/wGfdc/new-wars-for-new-empires,0
5,all the plans fail,https://www.coursera.org/learn/modern-world-2/lecture/1mJ4S/all-the-plans-fail,21,gambling for victory,https://www.coursera.org/learn/modern-world-2/lecture/JxxR2/gambling-for-victory,0
5,all the plans fail,https://www.coursera.org/learn/modern-world-2/lecture/1mJ4S/all-the-plans-fail,22,strategies for total war,https://www.coursera.org/learn/modern-world-2/lecture/XQDSI/strategies-for-total-war,0
5,all the plans fail,https://www.coursera.org/learn/modern-world-2/lecture/1mJ4S/all-the-plans-fail,23,zero hour,https://www.coursera.org/learn/modern-world-2/lecture/KtIMl/zero-hour,0
5,all the plans fail,https://www.coursera.org/learn/modern-world-2/lecture/1mJ4S/all-the-plans-fail,24,imagining new countries,https://www.coursera.org/learn/modern-world-2/lecture/0Q8Jx/imagining-new-countries,0
5,all the plans fail,https://www.coursera.org/learn/modern-world-2/lecture/1mJ4S/all-the-plans-fail,25,postwar,https://www.coursera.org/learn/modern-world-2/lecture/MvvEo/postwar,0
5,all the plans fail,https://www.coursera.org/learn/modern-world-2/lecture/1mJ4S/all-the-plans-fail,26,two europes,https://www.coursera.org/learn/modern-world-2/lecture/ufWCN/two-europes,0
5,all the plans fail,https://www.coursera.org/learn/modern-world-2/lecture/1mJ4S/all-the-plans-fail,28,the age of the americans,https://www.coursera.org/learn/modern-world-2/lecture/0gCBs/the-age-of-the-americans,0
5,all the plans fail,https://www.coursera.org/learn/modern-world-2/lecture/1mJ4S/all-the-plans-fail,29,choosing war in korea,https://www.coursera.org/learn/modern-world-2/lecture/VieTw/choosing-war-in-korea,0
5,all the plans fail,https://www.coursera.org/learn/modern-world-2/lecture/1mJ4S/all-the-plans-fail,32,the nuclear revolution,https://www.coursera.org/learn/modern-world-2/lecture/vckU1/the-nuclear-revolution,0
5,all the plans fail,https://www.coursera.org/learn/modern-world-2/lecture/1mJ4S/all-the-plans-fail,33,new empires and confederations,https://www.coursera.org/learn/modern-world-2/lecture/GrYhD/new-empires-and-confederations,0
5,all the plans fail,https://www.coursera.org/learn/modern-world-2/lecture/1mJ4S/all-the-plans-fail,34,the third world,https://www.coursera.org/learn/modern-world-2/lecture/2Pcqj/the-third-world,0
5,all the plans fail,https://www.coursera.org/learn/modern-world-2/lecture/1mJ4S/all-the-plans-fail,35,to the brink,https://www.coursera.org/learn/modern-world-2/lecture/x3FDe/to-the-brink,0
5,all the plans fail,https://www.coursera.org/learn/modern-world-2/lecture/1mJ4S/all-the-plans-fail,36,wars of containment,https://www.coursera.org/learn/modern-world-2/lecture/ioucd/wars-of-containment,0
5,all the plans fail,https://www.coursera.org/learn/modern-world-2/lecture/1mJ4S/all-the-plans-fail,38,the weary establishment,https://www.coursera.org/learn/modern-world-2/lecture/rtuBE/the-weary-establishment,0
5,all the plans fail,https://www.coursera.org/learn/modern-world-2/lecture/1mJ4S/all-the-plans-fail,43,the end of the cold war,https://www.coursera.org/learn/modern-world-2/lecture/nDYXg/the-end-of-the-cold-war,0
5,all the plans fail,https://www.coursera.org/learn/modern-world-2/lecture/1mJ4S/all-the-plans-fail,45,toward a new era in world history,https://www.coursera.org/learn/modern-world-2/lecture/8LMac/toward-a-new-era-in-world-history,0
5,all the plans fail,https://www.coursera.org/learn/modern-world-2/lecture/1mJ4S/all-the-plans-fail,50,the global and the local,https://www.coursera.org/learn/modern-world-2/lecture/7evOd/the-global-and-the-local,0
5,all the plans fail,https://www.coursera.org/learn/modern-world-2/lecture/1mJ4S/all-the-plans-fail,51,an age of transition,https://www.coursera.org/learn/modern-world-2/lecture/2LHxa/an-age-of-transition,0
6,on to victory,https://www.coursera.org/learn/modern-world-2/lecture/uzCWC/on-to-victory,7,total states,https://www.coursera.org/learn/modern-world-2/lecture/zHRKH/total-states,1
6,on to victory,https://www.coursera.org/learn/modern-world-2/lecture/uzCWC/on-to-victory,8,why did the allies win,https://www.coursera.org/learn/modern-world-2/lecture/4asZC/why-did-the-allies-win,1
6,on to victory,https://www.coursera.org/learn/modern-world-2/lecture/uzCWC/on-to-victory,11,anti communism,https://www.coursera.org/learn/modern-world-2/lecture/L103r/anti-communism,0
6,on to victory,https://www.coursera.org/learn/modern-world-2/lecture/uzCWC/on-to-victory,12,the age of uncertainty,https://www.coursera.org/learn/modern-world-2/lecture/6Z7AQ/the-age-of-uncertainty,1
6,on to victory,https://www.coursera.org/learn/modern-world-2/lecture/uzCWC/on-to-victory,13,modern women,https://www.coursera.org/learn/modern-world-2/lecture/O3yn2/modern-women,1
6,on to victory,https://www.coursera.org/learn/modern-world-2/lecture/uzCWC/on-to-victory,14,the world of 1930,https://www.coursera.org/learn/modern-world-2/lecture/RyCaf/the-world-of-1930,0
6,on to victory,https://www.coursera.org/learn/modern-world-2/lecture/uzCWC/on-to-victory,15,challenges to capitalism and collective security,https://www.coursera.org/learn/modern-world-2/lecture/mWxo9/challenges-to-capitalism-and-collective-security,0
6,on to victory,https://www.coursera.org/learn/modern-world-2/lecture/uzCWC/on-to-victory,16,escapes from freedom,https://www.coursera.org/learn/modern-world-2/lecture/yah93/escapes-from-freedom,0
6,on to victory,https://www.coursera.org/learn/modern-world-2/lecture/uzCWC/on-to-victory,17,total politics,https://www.coursera.org/learn/modern-world-2/lecture/PbE5Q/total-politics,0
6,on to victory,https://www.coursera.org/learn/modern-world-2/lecture/uzCWC/on-to-victory,18,new wars for new empires,https://www.coursera.org/learn/modern-world-2/lecture/wGfdc/new-wars-for-new-empires,0
6,on to victory,https://www.coursera.org/learn/modern-world-2/lecture/uzCWC/on-to-victory,25,postwar,https://www.coursera.org/learn/modern-world-2/lecture/MvvEo/postwar,0
6,on to victory,https://www.coursera.org/learn/modern-world-2/lecture/uzCWC/on-to-victory,26,two europes,https://www.coursera.org/learn/modern-world-2/lecture/ufWCN/two-europes,0
6,on to victory,https://www.coursera.org/learn/modern-world-2/lecture/uzCWC/on-to-victory,28,the age of the americans,https://www.coursera.org/learn/modern-world-2/lecture/0gCBs/the-age-of-the-americans,0
6,on to victory,https://www.coursera.org/learn/modern-world-2/lecture/uzCWC/on-to-victory,29,choosing war in korea,https://www.coursera.org/learn/modern-world-2/lecture/VieTw/choosing-war-in-korea,0
6,on to victory,https://www.coursera.org/learn/modern-world-2/lecture/uzCWC/on-to-victory,32,the nuclear revolution,https://www.coursera.org/learn/modern-world-2/lecture/vckU1/the-nuclear-revolution,0
6,on to victory,https://www.coursera.org/learn/modern-world-2/lecture/uzCWC/on-to-victory,34,the third world,https://www.coursera.org/learn/modern-world-2/lecture/2Pcqj/the-third-world,0
6,on to victory,https://www.coursera.org/learn/modern-world-2/lecture/uzCWC/on-to-victory,35,to the brink,https://www.coursera.org/learn/modern-world-2/lecture/x3FDe/to-the-brink,0
6,on to victory,https://www.coursera.org/learn/modern-world-2/lecture/uzCWC/on-to-victory,36,wars of containment,https://www.coursera.org/learn/modern-world-2/lecture/ioucd/wars-of-containment,0
6,on to victory,https://www.coursera.org/learn/modern-world-2/lecture/uzCWC/on-to-victory,38,the weary establishment,https://www.coursera.org/learn/modern-world-2/lecture/rtuBE/the-weary-establishment,0
6,on to victory,https://www.coursera.org/learn/modern-world-2/lecture/uzCWC/on-to-victory,43,the end of the cold war,https://www.coursera.org/learn/modern-world-2/lecture/nDYXg/the-end-of-the-cold-war,0
6,on to victory,https://www.coursera.org/learn/modern-world-2/lecture/uzCWC/on-to-victory,45,toward a new era in world history,https://www.coursera.org/learn/modern-world-2/lecture/8LMac/toward-a-new-era-in-world-history,0
7,total states,https://www.coursera.org/learn/modern-world-2/lecture/zHRKH/total-states,8,why did the allies win,https://www.coursera.org/learn/modern-world-2/lecture/4asZC/why-did-the-allies-win,1
7,total states,https://www.coursera.org/learn/modern-world-2/lecture/zHRKH/total-states,12,the age of uncertainty,https://www.coursera.org/learn/modern-world-2/lecture/6Z7AQ/the-age-of-uncertainty,1
7,total states,https://www.coursera.org/learn/modern-world-2/lecture/zHRKH/total-states,13,modern women,https://www.coursera.org/learn/modern-world-2/lecture/O3yn2/modern-women,0
7,total states,https://www.coursera.org/learn/modern-world-2/lecture/zHRKH/total-states,14,the world of 1930,https://www.coursera.org/learn/modern-world-2/lecture/RyCaf/the-world-of-1930,1
7,total states,https://www.coursera.org/learn/modern-world-2/lecture/zHRKH/total-states,15,challenges to capitalism and collective security,https://www.coursera.org/learn/modern-world-2/lecture/mWxo9/challenges-to-capitalism-and-collective-security,0
7,total states,https://www.coursera.org/learn/modern-world-2/lecture/zHRKH/total-states,16,escapes from freedom,https://www.coursera.org/learn/modern-world-2/lecture/yah93/escapes-from-freedom,0
7,total states,https://www.coursera.org/learn/modern-world-2/lecture/zHRKH/total-states,17,total politics,https://www.coursera.org/learn/modern-world-2/lecture/PbE5Q/total-politics,0
7,total states,https://www.coursera.org/learn/modern-world-2/lecture/zHRKH/total-states,18,new wars for new empires,https://www.coursera.org/learn/modern-world-2/lecture/wGfdc/new-wars-for-new-empires,0
7,total states,https://www.coursera.org/learn/modern-world-2/lecture/zHRKH/total-states,21,gambling for victory,https://www.coursera.org/learn/modern-world-2/lecture/JxxR2/gambling-for-victory,0
7,total states,https://www.coursera.org/learn/modern-world-2/lecture/zHRKH/total-states,22,strategies for total war,https://www.coursera.org/learn/modern-world-2/lecture/XQDSI/strategies-for-total-war,0
7,total states,https://www.coursera.org/learn/modern-world-2/lecture/zHRKH/total-states,24,imagining new countries,https://www.coursera.org/learn/modern-world-2/lecture/0Q8Jx/imagining-new-countries,0
7,total states,https://www.coursera.org/learn/modern-world-2/lecture/zHRKH/total-states,25,postwar,https://www.coursera.org/learn/modern-world-2/lecture/MvvEo/postwar,0
7,total states,https://www.coursera.org/learn/modern-world-2/lecture/zHRKH/total-states,26,two europes,https://www.coursera.org/learn/modern-world-2/lecture/ufWCN/two-europes,0
7,total states,https://www.coursera.org/learn/modern-world-2/lecture/zHRKH/total-states,28,the age of the americans,https://www.coursera.org/learn/modern-world-2/lecture/0gCBs/the-age-of-the-americans,0
7,total states,https://www.coursera.org/learn/modern-world-2/lecture/zHRKH/total-states,32,the nuclear revolution,https://www.coursera.org/learn/modern-world-2/lecture/vckU1/the-nuclear-revolution,0
7,total states,https://www.coursera.org/learn/modern-world-2/lecture/zHRKH/total-states,33,new empires and confederations,https://www.coursera.org/learn/modern-world-2/lecture/GrYhD/new-empires-and-confederations,0
7,total states,https://www.coursera.org/learn/modern-world-2/lecture/zHRKH/total-states,35,to the brink,https://www.coursera.org/learn/modern-world-2/lecture/x3FDe/to-the-brink,0
7,total states,https://www.coursera.org/learn/modern-world-2/lecture/zHRKH/total-states,36,wars of containment,https://www.coursera.org/learn/modern-world-2/lecture/ioucd/wars-of-containment,0
7,total states,https://www.coursera.org/learn/modern-world-2/lecture/zHRKH/total-states,38,the weary establishment,https://www.coursera.org/learn/modern-world-2/lecture/rtuBE/the-weary-establishment,0
7,total states,https://www.coursera.org/learn/modern-world-2/lecture/zHRKH/total-states,43,the end of the cold war,https://www.coursera.org/learn/modern-world-2/lecture/nDYXg/the-end-of-the-cold-war,0
7,total states,https://www.coursera.org/learn/modern-world-2/lecture/zHRKH/total-states,45,toward a new era in world history,https://www.coursera.org/learn/modern-world-2/lecture/8LMac/toward-a-new-era-in-world-history,0
7,total states,https://www.coursera.org/learn/modern-world-2/lecture/zHRKH/total-states,51,an age of transition,https://www.coursera.org/learn/modern-world-2/lecture/2LHxa/an-age-of-transition,0
8,why did the allies win,https://www.coursera.org/learn/modern-world-2/lecture/4asZC/why-did-the-allies-win,11,anti communism,https://www.coursera.org/learn/modern-world-2/lecture/L103r/anti-communism,0
8,why did the allies win,https://www.coursera.org/learn/modern-world-2/lecture/4asZC/why-did-the-allies-win,12,the age of uncertainty,https://www.coursera.org/learn/modern-world-2/lecture/6Z7AQ/the-age-of-uncertainty,0
8,why did the allies win,https://www.coursera.org/learn/modern-world-2/lecture/4asZC/why-did-the-allies-win,13,modern women,https://www.coursera.org/learn/modern-world-2/lecture/O3yn2/modern-women,0
8,why did the allies win,https://www.coursera.org/learn/modern-world-2/lecture/4asZC/why-did-the-allies-win,14,the world of 1930,https://www.coursera.org/learn/modern-world-2/lecture/RyCaf/the-world-of-1930,1
8,why did the allies win,https://www.coursera.org/learn/modern-world-2/lecture/4asZC/why-did-the-allies-win,15,challenges to capitalism and collective security,https://www.coursera.org/learn/modern-world-2/lecture/mWxo9/challenges-to-capitalism-and-collective-security,0
8,why did the allies win,https://www.coursera.org/learn/modern-world-2/lecture/4asZC/why-did-the-allies-win,16,escapes from freedom,https://www.coursera.org/learn/modern-world-2/lecture/yah93/escapes-from-freedom,0
8,why did the allies win,https://www.coursera.org/learn/modern-world-2/lecture/4asZC/why-did-the-allies-win,17,total politics,https://www.coursera.org/learn/modern-world-2/lecture/PbE5Q/total-politics,0
8,why did the allies win,https://www.coursera.org/learn/modern-world-2/lecture/4asZC/why-did-the-allies-win,18,new wars for new empires,https://www.coursera.org/learn/modern-world-2/lecture/wGfdc/new-wars-for-new-empires,0
8,why did the allies win,https://www.coursera.org/learn/modern-world-2/lecture/4asZC/why-did-the-allies-win,21,gambling for victory,https://www.coursera.org/learn/modern-world-2/lecture/JxxR2/gambling-for-victory,0
8,why did the allies win,https://www.coursera.org/learn/modern-world-2/lecture/4asZC/why-did-the-allies-win,22,strategies for total war,https://www.coursera.org/learn/modern-world-2/lecture/XQDSI/strategies-for-total-war,0
8,why did the allies win,https://www.coursera.org/learn/modern-world-2/lecture/4asZC/why-did-the-allies-win,23,zero hour,https://www.coursera.org/learn/modern-world-2/lecture/KtIMl/zero-hour,0
8,why did the allies win,https://www.coursera.org/learn/modern-world-2/lecture/4asZC/why-did-the-allies-win,24,imagining new countries,https://www.coursera.org/learn/modern-world-2/lecture/0Q8Jx/imagining-new-countries,0
8,why did the allies win,https://www.coursera.org/learn/modern-world-2/lecture/4asZC/why-did-the-allies-win,25,postwar,https://www.coursera.org/learn/modern-world-2/lecture/MvvEo/postwar,0
8,why did the allies win,https://www.coursera.org/learn/modern-world-2/lecture/4asZC/why-did-the-allies-win,26,two europes,https://www.coursera.org/learn/modern-world-2/lecture/ufWCN/two-europes,0
8,why did the allies win,https://www.coursera.org/learn/modern-world-2/lecture/4asZC/why-did-the-allies-win,28,the age of the americans,https://www.coursera.org/learn/modern-world-2/lecture/0gCBs/the-age-of-the-americans,0
8,why did the allies win,https://www.coursera.org/learn/modern-world-2/lecture/4asZC/why-did-the-allies-win,29,choosing war in korea,https://www.coursera.org/learn/modern-world-2/lecture/VieTw/choosing-war-in-korea,0
8,why did the allies win,https://www.coursera.org/learn/modern-world-2/lecture/4asZC/why-did-the-allies-win,32,the nuclear revolution,https://www.coursera.org/learn/modern-world-2/lecture/vckU1/the-nuclear-revolution,0
8,why did the allies win,https://www.coursera.org/learn/modern-world-2/lecture/4asZC/why-did-the-allies-win,33,new empires and confederations,https://www.coursera.org/learn/modern-world-2/lecture/GrYhD/new-empires-and-confederations,0
8,why did the allies win,https://www.coursera.org/learn/modern-world-2/lecture/4asZC/why-did-the-allies-win,34,the third world,https://www.coursera.org/learn/modern-world-2/lecture/2Pcqj/the-third-world,0
8,why did the allies win,https://www.coursera.org/learn/modern-world-2/lecture/4asZC/why-did-the-allies-win,36,wars of containment,https://www.coursera.org/learn/modern-world-2/lecture/ioucd/wars-of-containment,0
8,why did the allies win,https://www.coursera.org/learn/modern-world-2/lecture/4asZC/why-did-the-allies-win,38,the weary establishment,https://www.coursera.org/learn/modern-world-2/lecture/rtuBE/the-weary-establishment,0
8,why did the allies win,https://www.coursera.org/learn/modern-world-2/lecture/4asZC/why-did-the-allies-win,43,the end of the cold war,https://www.coursera.org/learn/modern-world-2/lecture/nDYXg/the-end-of-the-cold-war,0
8,why did the allies win,https://www.coursera.org/learn/modern-world-2/lecture/4asZC/why-did-the-allies-win,45,toward a new era in world history,https://www.coursera.org/learn/modern-world-2/lecture/8LMac/toward-a-new-era-in-world-history,0
8,why did the allies win,https://www.coursera.org/learn/modern-world-2/lecture/4asZC/why-did-the-allies-win,50,the global and the local,https://www.coursera.org/learn/modern-world-2/lecture/7evOd/the-global-and-the-local,0
8,why did the allies win,https://www.coursera.org/learn/modern-world-2/lecture/4asZC/why-did-the-allies-win,51,an age of transition,https://www.coursera.org/learn/modern-world-2/lecture/2LHxa/an-age-of-transition,0
11,anti communism,https://www.coursera.org/learn/modern-world-2/lecture/L103r/anti-communism,12,the age of uncertainty,https://www.coursera.org/learn/modern-world-2/lecture/6Z7AQ/the-age-of-uncertainty,1
11,anti communism,https://www.coursera.org/learn/modern-world-2/lecture/L103r/anti-communism,13,modern women,https://www.coursera.org/learn/modern-world-2/lecture/O3yn2/modern-women,0
11,anti communism,https://www.coursera.org/learn/modern-world-2/lecture/L103r/anti-communism,14,the world of 1930,https://www.coursera.org/learn/modern-world-2/lecture/RyCaf/the-world-of-1930,0
11,anti communism,https://www.coursera.org/learn/modern-world-2/lecture/L103r/anti-communism,15,challenges to capitalism and collective security,https://www.coursera.org/learn/modern-world-2/lecture/mWxo9/challenges-to-capitalism-and-collective-security,0
11,anti communism,https://www.coursera.org/learn/modern-world-2/lecture/L103r/anti-communism,17,total politics,https://www.coursera.org/learn/modern-world-2/lecture/PbE5Q/total-politics,0
11,anti communism,https://www.coursera.org/learn/modern-world-2/lecture/L103r/anti-communism,18,new wars for new empires,https://www.coursera.org/learn/modern-world-2/lecture/wGfdc/new-wars-for-new-empires,0
11,anti communism,https://www.coursera.org/learn/modern-world-2/lecture/L103r/anti-communism,21,gambling for victory,https://www.coursera.org/learn/modern-world-2/lecture/JxxR2/gambling-for-victory,0
11,anti communism,https://www.coursera.org/learn/modern-world-2/lecture/L103r/anti-communism,22,strategies for total war,https://www.coursera.org/learn/modern-world-2/lecture/XQDSI/strategies-for-total-war,0
11,anti communism,https://www.coursera.org/learn/modern-world-2/lecture/L103r/anti-communism,24,imagining new countries,https://www.coursera.org/learn/modern-world-2/lecture/0Q8Jx/imagining-new-countries,1
11,anti communism,https://www.coursera.org/learn/modern-world-2/lecture/L103r/anti-communism,25,postwar,https://www.coursera.org/learn/modern-world-2/lecture/MvvEo/postwar,1
11,anti communism,https://www.coursera.org/learn/modern-world-2/lecture/L103r/anti-communism,26,two europes,https://www.coursera.org/learn/modern-world-2/lecture/ufWCN/two-europes,0
11,anti communism,https://www.coursera.org/learn/modern-world-2/lecture/L103r/anti-communism,28,the age of the americans,https://www.coursera.org/learn/modern-world-2/lecture/0gCBs/the-age-of-the-americans,0
11,anti communism,https://www.coursera.org/learn/modern-world-2/lecture/L103r/anti-communism,29,choosing war in korea,https://www.coursera.org/learn/modern-world-2/lecture/VieTw/choosing-war-in-korea,0
11,anti communism,https://www.coursera.org/learn/modern-world-2/lecture/L103r/anti-communism,32,the nuclear revolution,https://www.coursera.org/learn/modern-world-2/lecture/vckU1/the-nuclear-revolution,0
11,anti communism,https://www.coursera.org/learn/modern-world-2/lecture/L103r/anti-communism,33,new empires and confederations,https://www.coursera.org/learn/modern-world-2/lecture/GrYhD/new-empires-and-confederations,1
11,anti communism,https://www.coursera.org/learn/modern-world-2/lecture/L103r/anti-communism,34,the third world,https://www.coursera.org/learn/modern-world-2/lecture/2Pcqj/the-third-world,0
11,anti communism,https://www.coursera.org/learn/modern-world-2/lecture/L103r/anti-communism,35,to the brink,https://www.coursera.org/learn/modern-world-2/lecture/x3FDe/to-the-brink,0
11,anti communism,https://www.coursera.org/learn/modern-world-2/lecture/L103r/anti-communism,36,wars of containment,https://www.coursera.org/learn/modern-world-2/lecture/ioucd/wars-of-containment,0
11,anti communism,https://www.coursera.org/learn/modern-world-2/lecture/L103r/anti-communism,45,toward a new era in world history,https://www.coursera.org/learn/modern-world-2/lecture/8LMac/toward-a-new-era-in-world-history,0
11,anti communism,https://www.coursera.org/learn/modern-world-2/lecture/L103r/anti-communism,51,an age of transition,https://www.coursera.org/learn/modern-world-2/lecture/2LHxa/an-age-of-transition,0
12,the age of uncertainty,https://www.coursera.org/learn/modern-world-2/lecture/6Z7AQ/the-age-of-uncertainty,13,modern women,https://www.coursera.org/learn/modern-world-2/lecture/O3yn2/modern-women,1
12,the age of uncertainty,https://www.coursera.org/learn/modern-world-2/lecture/6Z7AQ/the-age-of-uncertainty,14,the world of 1930,https://www.coursera.org/learn/modern-world-2/lecture/RyCaf/the-world-of-1930,1
12,the age of uncertainty,https://www.coursera.org/learn/modern-world-2/lecture/6Z7AQ/the-age-of-uncertainty,15,challenges to capitalism and collective security,https://www.coursera.org/learn/modern-world-2/lecture/mWxo9/challenges-to-capitalism-and-collective-security,0
12,the age of uncertainty,https://www.coursera.org/learn/modern-world-2/lecture/6Z7AQ/the-age-of-uncertainty,17,total politics,https://www.coursera.org/learn/modern-world-2/lecture/PbE5Q/total-politics,1
12,the age of uncertainty,https://www.coursera.org/learn/modern-world-2/lecture/6Z7AQ/the-age-of-uncertainty,18,new wars for new empires,https://www.coursera.org/learn/modern-world-2/lecture/wGfdc/new-wars-for-new-empires,0
12,the age of uncertainty,https://www.coursera.org/learn/modern-world-2/lecture/6Z7AQ/the-age-of-uncertainty,21,gambling for victory,https://www.coursera.org/learn/modern-world-2/lecture/JxxR2/gambling-for-victory,0
12,the age of uncertainty,https://www.coursera.org/learn/modern-world-2/lecture/6Z7AQ/the-age-of-uncertainty,22,strategies for total war,https://www.coursera.org/learn/modern-world-2/lecture/XQDSI/strategies-for-total-war,0
12,the age of uncertainty,https://www.coursera.org/learn/modern-world-2/lecture/6Z7AQ/the-age-of-uncertainty,23,zero hour,https://www.coursera.org/learn/modern-world-2/lecture/KtIMl/zero-hour,0
12,the age of uncertainty,https://www.coursera.org/learn/modern-world-2/lecture/6Z7AQ/the-age-of-uncertainty,25,postwar,https://www.coursera.org/learn/modern-world-2/lecture/MvvEo/postwar,0
12,the age of uncertainty,https://www.coursera.org/learn/modern-world-2/lecture/6Z7AQ/the-age-of-uncertainty,26,two europes,https://www.coursera.org/learn/modern-world-2/lecture/ufWCN/two-europes,0
12,the age of uncertainty,https://www.coursera.org/learn/modern-world-2/lecture/6Z7AQ/the-age-of-uncertainty,28,the age of the americans,https://www.coursera.org/learn/modern-world-2/lecture/0gCBs/the-age-of-the-americans,0
12,the age of uncertainty,https://www.coursera.org/learn/modern-world-2/lecture/6Z7AQ/the-age-of-uncertainty,29,choosing war in korea,https://www.coursera.org/learn/modern-world-2/lecture/VieTw/choosing-war-in-korea,0
12,the age of uncertainty,https://www.coursera.org/learn/modern-world-2/lecture/6Z7AQ/the-age-of-uncertainty,32,the nuclear revolution,https://www.coursera.org/learn/modern-world-2/lecture/vckU1/the-nuclear-revolution,0
12,the age of uncertainty,https://www.coursera.org/learn/modern-world-2/lecture/6Z7AQ/the-age-of-uncertainty,33,new empires and confederations,https://www.coursera.org/learn/modern-world-2/lecture/GrYhD/new-empires-and-confederations,0
12,the age of uncertainty,https://www.coursera.org/learn/modern-world-2/lecture/6Z7AQ/the-age-of-uncertainty,34,the third world,https://www.coursera.org/learn/modern-world-2/lecture/2Pcqj/the-third-world,0
12,the age of uncertainty,https://www.coursera.org/learn/modern-world-2/lecture/6Z7AQ/the-age-of-uncertainty,35,to the brink,https://www.coursera.org/learn/modern-world-2/lecture/x3FDe/to-the-brink,0
12,the age of uncertainty,https://www.coursera.org/learn/modern-world-2/lecture/6Z7AQ/the-age-of-uncertainty,36,wars of containment,https://www.coursera.org/learn/modern-world-2/lecture/ioucd/wars-of-containment,0
12,the age of uncertainty,https://www.coursera.org/learn/modern-world-2/lecture/6Z7AQ/the-age-of-uncertainty,38,the weary establishment,https://www.coursera.org/learn/modern-world-2/lecture/rtuBE/the-weary-establishment,0
12,the age of uncertainty,https://www.coursera.org/learn/modern-world-2/lecture/6Z7AQ/the-age-of-uncertainty,43,the end of the cold war,https://www.coursera.org/learn/modern-world-2/lecture/nDYXg/the-end-of-the-cold-war,0
12,the age of uncertainty,https://www.coursera.org/learn/modern-world-2/lecture/6Z7AQ/the-age-of-uncertainty,50,the global and the local,https://www.coursera.org/learn/modern-world-2/lecture/7evOd/the-global-and-the-local,0
12,the age of uncertainty,https://www.coursera.org/learn/modern-world-2/lecture/6Z7AQ/the-age-of-uncertainty,51,an age of transition,https://www.coursera.org/learn/modern-world-2/lecture/2LHxa/an-age-of-transition,0
13,modern women,https://www.coursera.org/learn/modern-world-2/lecture/O3yn2/modern-women,14,the world of 1930,https://www.coursera.org/learn/modern-world-2/lecture/RyCaf/the-world-of-1930,0
13,modern women,https://www.coursera.org/learn/modern-world-2/lecture/O3yn2/modern-women,15,challenges to capitalism and collective security,https://www.coursera.org/learn/modern-world-2/lecture/mWxo9/challenges-to-capitalism-and-collective-security,0
13,modern women,https://www.coursera.org/learn/modern-world-2/lecture/O3yn2/modern-women,16,escapes from freedom,https://www.coursera.org/learn/modern-world-2/lecture/yah93/escapes-from-freedom,0
13,modern women,https://www.coursera.org/learn/modern-world-2/lecture/O3yn2/modern-women,17,total politics,https://www.coursera.org/learn/modern-world-2/lecture/PbE5Q/total-politics,0
13,modern women,https://www.coursera.org/learn/modern-world-2/lecture/O3yn2/modern-women,18,new wars for new empires,https://www.coursera.org/learn/modern-world-2/lecture/wGfdc/new-wars-for-new-empires,0
13,modern women,https://www.coursera.org/learn/modern-world-2/lecture/O3yn2/modern-women,21,gambling for victory,https://www.coursera.org/learn/modern-world-2/lecture/JxxR2/gambling-for-victory,0
13,modern women,https://www.coursera.org/learn/modern-world-2/lecture/O3yn2/modern-women,22,strategies for total war,https://www.coursera.org/learn/modern-world-2/lecture/XQDSI/strategies-for-total-war,0
13,modern women,https://www.coursera.org/learn/modern-world-2/lecture/O3yn2/modern-women,23,zero hour,https://www.coursera.org/learn/modern-world-2/lecture/KtIMl/zero-hour,0
13,modern women,https://www.coursera.org/learn/modern-world-2/lecture/O3yn2/modern-women,24,imagining new countries,https://www.coursera.org/learn/modern-world-2/lecture/0Q8Jx/imagining-new-countries,0
13,modern women,https://www.coursera.org/learn/modern-world-2/lecture/O3yn2/modern-women,25,postwar,https://www.coursera.org/learn/modern-world-2/lecture/MvvEo/postwar,0
13,modern women,https://www.coursera.org/learn/modern-world-2/lecture/O3yn2/modern-women,26,two europes,https://www.coursera.org/learn/modern-world-2/lecture/ufWCN/two-europes,0
13,modern women,https://www.coursera.org/learn/modern-world-2/lecture/O3yn2/modern-women,28,the age of the americans,https://www.coursera.org/learn/modern-world-2/lecture/0gCBs/the-age-of-the-americans,0
13,modern women,https://www.coursera.org/learn/modern-world-2/lecture/O3yn2/modern-women,29,choosing war in korea,https://www.coursera.org/learn/modern-world-2/lecture/VieTw/choosing-war-in-korea,0
13,modern women,https://www.coursera.org/learn/modern-world-2/lecture/O3yn2/modern-women,32,the nuclear revolution,https://www.coursera.org/learn/modern-world-2/lecture/vckU1/the-nuclear-revolution,0
13,modern women,https://www.coursera.org/learn/modern-world-2/lecture/O3yn2/modern-women,33,new empires and confederations,https://www.coursera.org/learn/modern-world-2/lecture/GrYhD/new-empires-and-confederations,0
13,modern women,https://www.coursera.org/learn/modern-world-2/lecture/O3yn2/modern-women,34,the third world,https://www.coursera.org/learn/modern-world-2/lecture/2Pcqj/the-third-world,0
13,modern women,https://www.coursera.org/learn/modern-world-2/lecture/O3yn2/modern-women,35,to the brink,https://www.coursera.org/learn/modern-world-2/lecture/x3FDe/to-the-brink,0
13,modern women,https://www.coursera.org/learn/modern-world-2/lecture/O3yn2/modern-women,36,wars of containment,https://www.coursera.org/learn/modern-world-2/lecture/ioucd/wars-of-containment,0
13,modern women,https://www.coursera.org/learn/modern-world-2/lecture/O3yn2/modern-women,38,the weary establishment,https://www.coursera.org/learn/modern-world-2/lecture/rtuBE/the-weary-establishment,0
13,modern women,https://www.coursera.org/learn/modern-world-2/lecture/O3yn2/modern-women,43,the end of the cold war,https://www.coursera.org/learn/modern-world-2/lecture/nDYXg/the-end-of-the-cold-war,0
13,modern women,https://www.coursera.org/learn/modern-world-2/lecture/O3yn2/modern-women,45,toward a new era in world history,https://www.coursera.org/learn/modern-world-2/lecture/8LMac/toward-a-new-era-in-world-history,1
13,modern women,https://www.coursera.org/learn/modern-world-2/lecture/O3yn2/modern-women,50,the global and the local,https://www.coursera.org/learn/modern-world-2/lecture/7evOd/the-global-and-the-local,0
13,modern women,https://www.coursera.org/learn/modern-world-2/lecture/O3yn2/modern-women,51,an age of transition,https://www.coursera.org/learn/modern-world-2/lecture/2LHxa/an-age-of-transition,1
14,the world of 1930,https://www.coursera.org/learn/modern-world-2/lecture/RyCaf/the-world-of-1930,15,challenges to capitalism and collective security,https://www.coursera.org/learn/modern-world-2/lecture/mWxo9/challenges-to-capitalism-and-collective-security,1
14,the world of 1930,https://www.coursera.org/learn/modern-world-2/lecture/RyCaf/the-world-of-1930,16,escapes from freedom,https://www.coursera.org/learn/modern-world-2/lecture/yah93/escapes-from-freedom,1
14,the world of 1930,https://www.coursera.org/learn/modern-world-2/lecture/RyCaf/the-world-of-1930,17,total politics,https://www.coursera.org/learn/modern-world-2/lecture/PbE5Q/total-politics,1
14,the world of 1930,https://www.coursera.org/learn/modern-world-2/lecture/RyCaf/the-world-of-1930,21,gambling for victory,https://www.coursera.org/learn/modern-world-2/lecture/JxxR2/gambling-for-victory,0
14,the world of 1930,https://www.coursera.org/learn/modern-world-2/lecture/RyCaf/the-world-of-1930,22,strategies for total war,https://www.coursera.org/learn/modern-world-2/lecture/XQDSI/strategies-for-total-war,0
14,the world of 1930,https://www.coursera.org/learn/modern-world-2/lecture/RyCaf/the-world-of-1930,23,zero hour,https://www.coursera.org/learn/modern-world-2/lecture/KtIMl/zero-hour,0
14,the world of 1930,https://www.coursera.org/learn/modern-world-2/lecture/RyCaf/the-world-of-1930,24,imagining new countries,https://www.coursera.org/learn/modern-world-2/lecture/0Q8Jx/imagining-new-countries,0
14,the world of 1930,https://www.coursera.org/learn/modern-world-2/lecture/RyCaf/the-world-of-1930,25,postwar,https://www.coursera.org/learn/modern-world-2/lecture/MvvEo/postwar,0
14,the world of 1930,https://www.coursera.org/learn/modern-world-2/lecture/RyCaf/the-world-of-1930,26,two europes,https://www.coursera.org/learn/modern-world-2/lecture/ufWCN/two-europes,0
14,the world of 1930,https://www.coursera.org/learn/modern-world-2/lecture/RyCaf/the-world-of-1930,28,the age of the americans,https://www.coursera.org/learn/modern-world-2/lecture/0gCBs/the-age-of-the-americans,0
14,the world of 1930,https://www.coursera.org/learn/modern-world-2/lecture/RyCaf/the-world-of-1930,29,choosing war in korea,https://www.coursera.org/learn/modern-world-2/lecture/VieTw/choosing-war-in-korea,0
14,the world of 1930,https://www.coursera.org/learn/modern-world-2/lecture/RyCaf/the-world-of-1930,32,the nuclear revolution,https://www.coursera.org/learn/modern-world-2/lecture/vckU1/the-nuclear-revolution,0
14,the world of 1930,https://www.coursera.org/learn/modern-world-2/lecture/RyCaf/the-world-of-1930,33,new empires and confederations,https://www.coursera.org/learn/modern-world-2/lecture/GrYhD/new-empires-and-confederations,0
14,the world of 1930,https://www.coursera.org/learn/modern-world-2/lecture/RyCaf/the-world-of-1930,34,the third world,https://www.coursera.org/learn/modern-world-2/lecture/2Pcqj/the-third-world,0
14,the world of 1930,https://www.coursera.org/learn/modern-world-2/lecture/RyCaf/the-world-of-1930,35,to the brink,https://www.coursera.org/learn/modern-world-2/lecture/x3FDe/to-the-brink,0
14,the world of 1930,https://www.coursera.org/learn/modern-world-2/lecture/RyCaf/the-world-of-1930,36,wars of containment,https://www.coursera.org/learn/modern-world-2/lecture/ioucd/wars-of-containment,0
14,the world of 1930,https://www.coursera.org/learn/modern-world-2/lecture/RyCaf/the-world-of-1930,38,the weary establishment,https://www.coursera.org/learn/modern-world-2/lecture/rtuBE/the-weary-establishment,0
14,the world of 1930,https://www.coursera.org/learn/modern-world-2/lecture/RyCaf/the-world-of-1930,43,the end of the cold war,https://www.coursera.org/learn/modern-world-2/lecture/nDYXg/the-end-of-the-cold-war,0
14,the world of 1930,https://www.coursera.org/learn/modern-world-2/lecture/RyCaf/the-world-of-1930,45,toward a new era in world history,https://www.coursera.org/learn/modern-world-2/lecture/8LMac/toward-a-new-era-in-world-history,0
14,the world of 1930,https://www.coursera.org/learn/modern-world-2/lecture/RyCaf/the-world-of-1930,50,the global and the local,https://www.coursera.org/learn/modern-world-2/lecture/7evOd/the-global-and-the-local,0
14,the world of 1930,https://www.coursera.org/learn/modern-world-2/lecture/RyCaf/the-world-of-1930,51,an age of transition,https://www.coursera.org/learn/modern-world-2/lecture/2LHxa/an-age-of-transition,0
15,challenges to capitalism and collective security,https://www.coursera.org/learn/modern-world-2/lecture/mWxo9/challenges-to-capitalism-and-collective-security,16,escapes from freedom,https://www.coursera.org/learn/modern-world-2/lecture/yah93/escapes-from-freedom,1
15,challenges to capitalism and collective security,https://www.coursera.org/learn/modern-world-2/lecture/mWxo9/challenges-to-capitalism-and-collective-security,17,total politics,https://www.coursera.org/learn/modern-world-2/lecture/PbE5Q/total-politics,1
15,challenges to capitalism and collective security,https://www.coursera.org/learn/modern-world-2/lecture/mWxo9/challenges-to-capitalism-and-collective-security,18,new wars for new empires,https://www.coursera.org/learn/modern-world-2/lecture/wGfdc/new-wars-for-new-empires,1
15,challenges to capitalism and collective security,https://www.coursera.org/learn/modern-world-2/lecture/mWxo9/challenges-to-capitalism-and-collective-security,21,gambling for victory,https://www.coursera.org/learn/modern-world-2/lecture/JxxR2/gambling-for-victory,0
15,challenges to capitalism and collective security,https://www.coursera.org/learn/modern-world-2/lecture/mWxo9/challenges-to-capitalism-and-collective-security,22,strategies for total war,https://www.coursera.org/learn/modern-world-2/lecture/XQDSI/strategies-for-total-war,0
15,challenges to capitalism and collective security,https://www.coursera.org/learn/modern-world-2/lecture/mWxo9/challenges-to-capitalism-and-collective-security,23,zero hour,https://www.coursera.org/learn/modern-world-2/lecture/KtIMl/zero-hour,0
15,challenges to capitalism and collective security,https://www.coursera.org/learn/modern-world-2/lecture/mWxo9/challenges-to-capitalism-and-collective-security,24,imagining new countries,https://www.coursera.org/learn/modern-world-2/lecture/0Q8Jx/imagining-new-countries,0
15,challenges to capitalism and collective security,https://www.coursera.org/learn/modern-world-2/lecture/mWxo9/challenges-to-capitalism-and-collective-security,25,postwar,https://www.coursera.org/learn/modern-world-2/lecture/MvvEo/postwar,0
15,challenges to capitalism and collective security,https://www.coursera.org/learn/modern-world-2/lecture/mWxo9/challenges-to-capitalism-and-collective-security,26,two europes,https://www.coursera.org/learn/modern-world-2/lecture/ufWCN/two-europes,0
15,challenges to capitalism and collective security,https://www.coursera.org/learn/modern-world-2/lecture/mWxo9/challenges-to-capitalism-and-collective-security,28,the age of the americans,https://www.coursera.org/learn/modern-world-2/lecture/0gCBs/the-age-of-the-americans,0
15,challenges to capitalism and collective security,https://www.coursera.org/learn/modern-world-2/lecture/mWxo9/challenges-to-capitalism-and-collective-security,29,choosing war in korea,https://www.coursera.org/learn/modern-world-2/lecture/VieTw/choosing-war-in-korea,0
15,challenges to capitalism and collective security,https://www.coursera.org/learn/modern-world-2/lecture/mWxo9/challenges-to-capitalism-and-collective-security,32,the nuclear revolution,https://www.coursera.org/learn/modern-world-2/lecture/vckU1/the-nuclear-revolution,0
15,challenges to capitalism and collective security,https://www.coursera.org/learn/modern-world-2/lecture/mWxo9/challenges-to-capitalism-and-collective-security,33,new empires and confederations,https://www.coursera.org/learn/modern-world-2/lecture/GrYhD/new-empires-and-confederations,0
15,challenges to capitalism and collective security,https://www.coursera.org/learn/modern-world-2/lecture/mWxo9/challenges-to-capitalism-and-collective-security,34,the third world,https://www.coursera.org/learn/modern-world-2/lecture/2Pcqj/the-third-world,0
15,challenges to capitalism and collective security,https://www.coursera.org/learn/modern-world-2/lecture/mWxo9/challenges-to-capitalism-and-collective-security,35,to the brink,https://www.coursera.org/learn/modern-world-2/lecture/x3FDe/to-the-brink,0
15,challenges to capitalism and collective security,https://www.coursera.org/learn/modern-world-2/lecture/mWxo9/challenges-to-capitalism-and-collective-security,36,wars of containment,https://www.coursera.org/learn/modern-world-2/lecture/ioucd/wars-of-containment,0
15,challenges to capitalism and collective security,https://www.coursera.org/learn/modern-world-2/lecture/mWxo9/challenges-to-capitalism-and-collective-security,38,the weary establishment,https://www.coursera.org/learn/modern-world-2/lecture/rtuBE/the-weary-establishment,0
15,challenges to capitalism and collective security,https://www.coursera.org/learn/modern-world-2/lecture/mWxo9/challenges-to-capitalism-and-collective-security,43,the end of the cold war,https://www.coursera.org/learn/modern-world-2/lecture/nDYXg/the-end-of-the-cold-war,0
15,challenges to capitalism and collective security,https://www.coursera.org/learn/modern-world-2/lecture/mWxo9/challenges-to-capitalism-and-collective-security,45,toward a new era in world history,https://www.coursera.org/learn/modern-world-2/lecture/8LMac/toward-a-new-era-in-world-history,0
15,challenges to capitalism and collective security,https://www.coursera.org/learn/modern-world-2/lecture/mWxo9/challenges-to-capitalism-and-collective-security,50,the global and the local,https://www.coursera.org/learn/modern-world-2/lecture/7evOd/the-global-and-the-local,0
15,challenges to capitalism and collective security,https://www.coursera.org/learn/modern-world-2/lecture/mWxo9/challenges-to-capitalism-and-collective-security,51,an age of transition,https://www.coursera.org/learn/modern-world-2/lecture/2LHxa/an-age-of-transition,0
16,escapes from freedom,https://www.coursera.org/learn/modern-world-2/lecture/yah93/escapes-from-freedom,17,total politics,https://www.coursera.org/learn/modern-world-2/lecture/PbE5Q/total-politics,1
16,escapes from freedom,https://www.coursera.org/learn/modern-world-2/lecture/yah93/escapes-from-freedom,18,new wars for new empires,https://www.coursera.org/learn/modern-world-2/lecture/wGfdc/new-wars-for-new-empires,1
16,escapes from freedom,https://www.coursera.org/learn/modern-world-2/lecture/yah93/escapes-from-freedom,21,gambling for victory,https://www.coursera.org/learn/modern-world-2/lecture/JxxR2/gambling-for-victory,1
16,escapes from freedom,https://www.coursera.org/learn/modern-world-2/lecture/yah93/escapes-from-freedom,22,strategies for total war,https://www.coursera.org/learn/modern-world-2/lecture/XQDSI/strategies-for-total-war,1
16,escapes from freedom,https://www.coursera.org/learn/modern-world-2/lecture/yah93/escapes-from-freedom,25,postwar,https://www.coursera.org/learn/modern-world-2/lecture/MvvEo/postwar,0
16,escapes from freedom,https://www.coursera.org/learn/modern-world-2/lecture/yah93/escapes-from-freedom,26,two europes,https://www.coursera.org/learn/modern-world-2/lecture/ufWCN/two-europes,0
16,escapes from freedom,https://www.coursera.org/learn/modern-world-2/lecture/yah93/escapes-from-freedom,28,the age of the americans,https://www.coursera.org/learn/modern-world-2/lecture/0gCBs/the-age-of-the-americans,0
16,escapes from freedom,https://www.coursera.org/learn/modern-world-2/lecture/yah93/escapes-from-freedom,29,choosing war in korea,https://www.coursera.org/learn/modern-world-2/lecture/VieTw/choosing-war-in-korea,0
16,escapes from freedom,https://www.coursera.org/learn/modern-world-2/lecture/yah93/escapes-from-freedom,32,the nuclear revolution,https://www.coursera.org/learn/modern-world-2/lecture/vckU1/the-nuclear-revolution,0
16,escapes from freedom,https://www.coursera.org/learn/modern-world-2/lecture/yah93/escapes-from-freedom,33,new empires and confederations,https://www.coursera.org/learn/modern-world-2/lecture/GrYhD/new-empires-and-confederations,0
16,escapes from freedom,https://www.coursera.org/learn/modern-world-2/lecture/yah93/escapes-from-freedom,34,the third world,https://www.coursera.org/learn/modern-world-2/lecture/2Pcqj/the-third-world,0
16,escapes from freedom,https://www.coursera.org/learn/modern-world-2/lecture/yah93/escapes-from-freedom,35,to the brink,https://www.coursera.org/learn/modern-world-2/lecture/x3FDe/to-the-brink,0
16,escapes from freedom,https://www.coursera.org/learn/modern-world-2/lecture/yah93/escapes-from-freedom,36,wars of containment,https://www.coursera.org/learn/modern-world-2/lecture/ioucd/wars-of-containment,0
16,escapes from freedom,https://www.coursera.org/learn/modern-world-2/lecture/yah93/escapes-from-freedom,50,the global and the local,https://www.coursera.org/learn/modern-world-2/lecture/7evOd/the-global-and-the-local,0
16,escapes from freedom,https://www.coursera.org/learn/modern-world-2/lecture/yah93/escapes-from-freedom,51,an age of transition,https://www.coursera.org/learn/modern-world-2/lecture/2LHxa/an-age-of-transition,0
17,total politics,https://www.coursera.org/learn/modern-world-2/lecture/PbE5Q/total-politics,18,new wars for new empires,https://www.coursera.org/learn/modern-world-2/lecture/wGfdc/new-wars-for-new-empires,1
17,total politics,https://www.coursera.org/learn/modern-world-2/lecture/PbE5Q/total-politics,21,gambling for victory,https://www.coursera.org/learn/modern-world-2/lecture/JxxR2/gambling-for-victory,0
17,total politics,https://www.coursera.org/learn/modern-world-2/lecture/PbE5Q/total-politics,22,strategies for total war,https://www.coursera.org/learn/modern-world-2/lecture/XQDSI/strategies-for-total-war,1
17,total politics,https://www.coursera.org/learn/modern-world-2/lecture/PbE5Q/total-politics,23,zero hour,https://www.coursera.org/learn/modern-world-2/lecture/KtIMl/zero-hour,1
17,total politics,https://www.coursera.org/learn/modern-world-2/lecture/PbE5Q/total-politics,25,postwar,https://www.coursera.org/learn/modern-world-2/lecture/MvvEo/postwar,1
17,total politics,https://www.coursera.org/learn/modern-world-2/lecture/PbE5Q/total-politics,26,two europes,https://www.coursera.org/learn/modern-world-2/lecture/ufWCN/two-europes,0
17,total politics,https://www.coursera.org/learn/modern-world-2/lecture/PbE5Q/total-politics,28,the age of the americans,https://www.coursera.org/learn/modern-world-2/lecture/0gCBs/the-age-of-the-americans,0
17,total politics,https://www.coursera.org/learn/modern-world-2/lecture/PbE5Q/total-politics,29,choosing war in korea,https://www.coursera.org/learn/modern-world-2/lecture/VieTw/choosing-war-in-korea,0
17,total politics,https://www.coursera.org/learn/modern-world-2/lecture/PbE5Q/total-politics,32,the nuclear revolution,https://www.coursera.org/learn/modern-world-2/lecture/vckU1/the-nuclear-revolution,0
17,total politics,https://www.coursera.org/learn/modern-world-2/lecture/PbE5Q/total-politics,33,new empires and confederations,https://www.coursera.org/learn/modern-world-2/lecture/GrYhD/new-empires-and-confederations,0
17,total politics,https://www.coursera.org/learn/modern-world-2/lecture/PbE5Q/total-politics,34,the third world,https://www.coursera.org/learn/modern-world-2/lecture/2Pcqj/the-third-world,0
17,total politics,https://www.coursera.org/learn/modern-world-2/lecture/PbE5Q/total-politics,35,to the brink,https://www.coursera.org/learn/modern-world-2/lecture/x3FDe/to-the-brink,0
17,total politics,https://www.coursera.org/learn/modern-world-2/lecture/PbE5Q/total-politics,36,wars of containment,https://www.coursera.org/learn/modern-world-2/lecture/ioucd/wars-of-containment,0
17,total politics,https://www.coursera.org/learn/modern-world-2/lecture/PbE5Q/total-politics,38,the weary establishment,https://www.coursera.org/learn/modern-world-2/lecture/rtuBE/the-weary-establishment,0
17,total politics,https://www.coursera.org/learn/modern-world-2/lecture/PbE5Q/total-politics,43,the end of the cold war,https://www.coursera.org/learn/modern-world-2/lecture/nDYXg/the-end-of-the-cold-war,0
17,total politics,https://www.coursera.org/learn/modern-world-2/lecture/PbE5Q/total-politics,45,toward a new era in world history,https://www.coursera.org/learn/modern-world-2/lecture/8LMac/toward-a-new-era-in-world-history,0
17,total politics,https://www.coursera.org/learn/modern-world-2/lecture/PbE5Q/total-politics,50,the global and the local,https://www.coursera.org/learn/modern-world-2/lecture/7evOd/the-global-and-the-local,0
17,total politics,https://www.coursera.org/learn/modern-world-2/lecture/PbE5Q/total-politics,51,an age of transition,https://www.coursera.org/learn/modern-world-2/lecture/2LHxa/an-age-of-transition,0
18,new wars for new empires,https://www.coursera.org/learn/modern-world-2/lecture/wGfdc/new-wars-for-new-empires,21,gambling for victory,https://www.coursera.org/learn/modern-world-2/lecture/JxxR2/gambling-for-victory,1
18,new wars for new empires,https://www.coursera.org/learn/modern-world-2/lecture/wGfdc/new-wars-for-new-empires,22,strategies for total war,https://www.coursera.org/learn/modern-world-2/lecture/XQDSI/strategies-for-total-war,1
18,new wars for new empires,https://www.coursera.org/learn/modern-world-2/lecture/wGfdc/new-wars-for-new-empires,23,zero hour,https://www.coursera.org/learn/modern-world-2/lecture/KtIMl/zero-hour,1
18,new wars for new empires,https://www.coursera.org/learn/modern-world-2/lecture/wGfdc/new-wars-for-new-empires,24,imagining new countries,https://www.coursera.org/learn/modern-world-2/lecture/0Q8Jx/imagining-new-countries,0
18,new wars for new empires,https://www.coursera.org/learn/modern-world-2/lecture/wGfdc/new-wars-for-new-empires,25,postwar,https://www.coursera.org/learn/modern-world-2/lecture/MvvEo/postwar,0
18,new wars for new empires,https://www.coursera.org/learn/modern-world-2/lecture/wGfdc/new-wars-for-new-empires,26,two europes,https://www.coursera.org/learn/modern-world-2/lecture/ufWCN/two-europes,0
18,new wars for new empires,https://www.coursera.org/learn/modern-world-2/lecture/wGfdc/new-wars-for-new-empires,28,the age of the americans,https://www.coursera.org/learn/modern-world-2/lecture/0gCBs/the-age-of-the-americans,0
18,new wars for new empires,https://www.coursera.org/learn/modern-world-2/lecture/wGfdc/new-wars-for-new-empires,29,choosing war in korea,https://www.coursera.org/learn/modern-world-2/lecture/VieTw/choosing-war-in-korea,0
18,new wars for new empires,https://www.coursera.org/learn/modern-world-2/lecture/wGfdc/new-wars-for-new-empires,32,the nuclear revolution,https://www.coursera.org/learn/modern-world-2/lecture/vckU1/the-nuclear-revolution,0
18,new wars for new empires,https://www.coursera.org/learn/modern-world-2/lecture/wGfdc/new-wars-for-new-empires,33,new empires and confederations,https://www.coursera.org/learn/modern-world-2/lecture/GrYhD/new-empires-and-confederations,0
18,new wars for new empires,https://www.coursera.org/learn/modern-world-2/lecture/wGfdc/new-wars-for-new-empires,34,the third world,https://www.coursera.org/learn/modern-world-2/lecture/2Pcqj/the-third-world,0
18,new wars for new empires,https://www.coursera.org/learn/modern-world-2/lecture/wGfdc/new-wars-for-new-empires,35,to the brink,https://www.coursera.org/learn/modern-world-2/lecture/x3FDe/to-the-brink,0
18,new wars for new empires,https://www.coursera.org/learn/modern-world-2/lecture/wGfdc/new-wars-for-new-empires,36,wars of containment,https://www.coursera.org/learn/modern-world-2/lecture/ioucd/wars-of-containment,0
18,new wars for new empires,https://www.coursera.org/learn/modern-world-2/lecture/wGfdc/new-wars-for-new-empires,38,the weary establishment,https://www.coursera.org/learn/modern-world-2/lecture/rtuBE/the-weary-establishment,0
18,new wars for new empires,https://www.coursera.org/learn/modern-world-2/lecture/wGfdc/new-wars-for-new-empires,43,the end of the cold war,https://www.coursera.org/learn/modern-world-2/lecture/nDYXg/the-end-of-the-cold-war,0
18,new wars for new empires,https://www.coursera.org/learn/modern-world-2/lecture/wGfdc/new-wars-for-new-empires,45,toward a new era in world history,https://www.coursera.org/learn/modern-world-2/lecture/8LMac/toward-a-new-era-in-world-history,0
18,new wars for new empires,https://www.coursera.org/learn/modern-world-2/lecture/wGfdc/new-wars-for-new-empires,50,the global and the local,https://www.coursera.org/learn/modern-world-2/lecture/7evOd/the-global-and-the-local,0
18,new wars for new empires,https://www.coursera.org/learn/modern-world-2/lecture/wGfdc/new-wars-for-new-empires,51,an age of transition,https://www.coursera.org/learn/modern-world-2/lecture/2LHxa/an-age-of-transition,0
21,gambling for victory,https://www.coursera.org/learn/modern-world-2/lecture/JxxR2/gambling-for-victory,23,zero hour,https://www.coursera.org/learn/modern-world-2/lecture/KtIMl/zero-hour,1
21,gambling for victory,https://www.coursera.org/learn/modern-world-2/lecture/JxxR2/gambling-for-victory,24,imagining new countries,https://www.coursera.org/learn/modern-world-2/lecture/0Q8Jx/imagining-new-countries,1
21,gambling for victory,https://www.coursera.org/learn/modern-world-2/lecture/JxxR2/gambling-for-victory,25,postwar,https://www.coursera.org/learn/modern-world-2/lecture/MvvEo/postwar,1
21,gambling for victory,https://www.coursera.org/learn/modern-world-2/lecture/JxxR2/gambling-for-victory,26,two europes,https://www.coursera.org/learn/modern-world-2/lecture/ufWCN/two-europes,0
21,gambling for victory,https://www.coursera.org/learn/modern-world-2/lecture/JxxR2/gambling-for-victory,28,the age of the americans,https://www.coursera.org/learn/modern-world-2/lecture/0gCBs/the-age-of-the-americans,0
21,gambling for victory,https://www.coursera.org/learn/modern-world-2/lecture/JxxR2/gambling-for-victory,29,choosing war in korea,https://www.coursera.org/learn/modern-world-2/lecture/VieTw/choosing-war-in-korea,0
21,gambling for victory,https://www.coursera.org/learn/modern-world-2/lecture/JxxR2/gambling-for-victory,32,the nuclear revolution,https://www.coursera.org/learn/modern-world-2/lecture/vckU1/the-nuclear-revolution,0
21,gambling for victory,https://www.coursera.org/learn/modern-world-2/lecture/JxxR2/gambling-for-victory,33,new empires and confederations,https://www.coursera.org/learn/modern-world-2/lecture/GrYhD/new-empires-and-confederations,0
21,gambling for victory,https://www.coursera.org/learn/modern-world-2/lecture/JxxR2/gambling-for-victory,34,the third world,https://www.coursera.org/learn/modern-world-2/lecture/2Pcqj/the-third-world,0
21,gambling for victory,https://www.coursera.org/learn/modern-world-2/lecture/JxxR2/gambling-for-victory,35,to the brink,https://www.coursera.org/learn/modern-world-2/lecture/x3FDe/to-the-brink,0
21,gambling for victory,https://www.coursera.org/learn/modern-world-2/lecture/JxxR2/gambling-for-victory,36,wars of containment,https://www.coursera.org/learn/modern-world-2/lecture/ioucd/wars-of-containment,0
21,gambling for victory,https://www.coursera.org/learn/modern-world-2/lecture/JxxR2/gambling-for-victory,38,the weary establishment,https://www.coursera.org/learn/modern-world-2/lecture/rtuBE/the-weary-establishment,0
21,gambling for victory,https://www.coursera.org/learn/modern-world-2/lecture/JxxR2/gambling-for-victory,43,the end of the cold war,https://www.coursera.org/learn/modern-world-2/lecture/nDYXg/the-end-of-the-cold-war,0
21,gambling for victory,https://www.coursera.org/learn/modern-world-2/lecture/JxxR2/gambling-for-victory,45,toward a new era in world history,https://www.coursera.org/learn/modern-world-2/lecture/8LMac/toward-a-new-era-in-world-history,0
21,gambling for victory,https://www.coursera.org/learn/modern-world-2/lecture/JxxR2/gambling-for-victory,50,the global and the local,https://www.coursera.org/learn/modern-world-2/lecture/7evOd/the-global-and-the-local,0
21,gambling for victory,https://www.coursera.org/learn/modern-world-2/lecture/JxxR2/gambling-for-victory,51,an age of transition,https://www.coursera.org/learn/modern-world-2/lecture/2LHxa/an-age-of-transition,0
22,strategies for total war,https://www.coursera.org/learn/modern-world-2/lecture/XQDSI/strategies-for-total-war,23,zero hour,https://www.coursera.org/learn/modern-world-2/lecture/KtIMl/zero-hour,1
22,strategies for total war,https://www.coursera.org/learn/modern-world-2/lecture/XQDSI/strategies-for-total-war,24,imagining new countries,https://www.coursera.org/learn/modern-world-2/lecture/0Q8Jx/imagining-new-countries,1
22,strategies for total war,https://www.coursera.org/learn/modern-world-2/lecture/XQDSI/strategies-for-total-war,25,postwar,https://www.coursera.org/learn/modern-world-2/lecture/MvvEo/postwar,0
22,strategies for total war,https://www.coursera.org/learn/modern-world-2/lecture/XQDSI/strategies-for-total-war,26,two europes,https://www.coursera.org/learn/modern-world-2/lecture/ufWCN/two-europes,0
22,strategies for total war,https://www.coursera.org/learn/modern-world-2/lecture/XQDSI/strategies-for-total-war,28,the age of the americans,https://www.coursera.org/learn/modern-world-2/lecture/0gCBs/the-age-of-the-americans,0
22,strategies for total war,https://www.coursera.org/learn/modern-world-2/lecture/XQDSI/strategies-for-total-war,29,choosing war in korea,https://www.coursera.org/learn/modern-world-2/lecture/VieTw/choosing-war-in-korea,0
22,strategies for total war,https://www.coursera.org/learn/modern-world-2/lecture/XQDSI/strategies-for-total-war,32,the nuclear revolution,https://www.coursera.org/learn/modern-world-2/lecture/vckU1/the-nuclear-revolution,0
22,strategies for total war,https://www.coursera.org/learn/modern-world-2/lecture/XQDSI/strategies-for-total-war,33,new empires and confederations,https://www.coursera.org/learn/modern-world-2/lecture/GrYhD/new-empires-and-confederations,0
22,strategies for total war,https://www.coursera.org/learn/modern-world-2/lecture/XQDSI/strategies-for-total-war,34,the third world,https://www.coursera.org/learn/modern-world-2/lecture/2Pcqj/the-third-world,0
22,strategies for total war,https://www.coursera.org/learn/modern-world-2/lecture/XQDSI/strategies-for-total-war,35,to the brink,https://www.coursera.org/learn/modern-world-2/lecture/x3FDe/to-the-brink,0
22,strategies for total war,https://www.coursera.org/learn/modern-world-2/lecture/XQDSI/strategies-for-total-war,36,wars of containment,https://www.coursera.org/learn/modern-world-2/lecture/ioucd/wars-of-containment,0
22,strategies for total war,https://www.coursera.org/learn/modern-world-2/lecture/XQDSI/strategies-for-total-war,38,the weary establishment,https://www.coursera.org/learn/modern-world-2/lecture/rtuBE/the-weary-establishment,0
22,strategies for total war,https://www.coursera.org/learn/modern-world-2/lecture/XQDSI/strategies-for-total-war,43,the end of the cold war,https://www.coursera.org/learn/modern-world-2/lecture/nDYXg/the-end-of-the-cold-war,0
22,strategies for total war,https://www.coursera.org/learn/modern-world-2/lecture/XQDSI/strategies-for-total-war,45,toward a new era in world history,https://www.coursera.org/learn/modern-world-2/lecture/8LMac/toward-a-new-era-in-world-history,0
22,strategies for total war,https://www.coursera.org/learn/modern-world-2/lecture/XQDSI/strategies-for-total-war,50,the global and the local,https://www.coursera.org/learn/modern-world-2/lecture/7evOd/the-global-and-the-local,0
22,strategies for total war,https://www.coursera.org/learn/modern-world-2/lecture/XQDSI/strategies-for-total-war,51,an age of transition,https://www.coursera.org/learn/modern-world-2/lecture/2LHxa/an-age-of-transition,0
23,zero hour,https://www.coursera.org/learn/modern-world-2/lecture/KtIMl/zero-hour,25,postwar,https://www.coursera.org/learn/modern-world-2/lecture/MvvEo/postwar,1
23,zero hour,https://www.coursera.org/learn/modern-world-2/lecture/KtIMl/zero-hour,26,two europes,https://www.coursera.org/learn/modern-world-2/lecture/ufWCN/two-europes,0
23,zero hour,https://www.coursera.org/learn/modern-world-2/lecture/KtIMl/zero-hour,28,the age of the americans,https://www.coursera.org/learn/modern-world-2/lecture/0gCBs/the-age-of-the-americans,0
23,zero hour,https://www.coursera.org/learn/modern-world-2/lecture/KtIMl/zero-hour,29,choosing war in korea,https://www.coursera.org/learn/modern-world-2/lecture/VieTw/choosing-war-in-korea,0
23,zero hour,https://www.coursera.org/learn/modern-world-2/lecture/KtIMl/zero-hour,32,the nuclear revolution,https://www.coursera.org/learn/modern-world-2/lecture/vckU1/the-nuclear-revolution,0
23,zero hour,https://www.coursera.org/learn/modern-world-2/lecture/KtIMl/zero-hour,34,the third world,https://www.coursera.org/learn/modern-world-2/lecture/2Pcqj/the-third-world,0
23,zero hour,https://www.coursera.org/learn/modern-world-2/lecture/KtIMl/zero-hour,35,to the brink,https://www.coursera.org/learn/modern-world-2/lecture/x3FDe/to-the-brink,0
23,zero hour,https://www.coursera.org/learn/modern-world-2/lecture/KtIMl/zero-hour,36,wars of containment,https://www.coursera.org/learn/modern-world-2/lecture/ioucd/wars-of-containment,0
23,zero hour,https://www.coursera.org/learn/modern-world-2/lecture/KtIMl/zero-hour,38,the weary establishment,https://www.coursera.org/learn/modern-world-2/lecture/rtuBE/the-weary-establishment,0
23,zero hour,https://www.coursera.org/learn/modern-world-2/lecture/KtIMl/zero-hour,45,toward a new era in world history,https://www.coursera.org/learn/modern-world-2/lecture/8LMac/toward-a-new-era-in-world-history,0
24,imagining new countries,https://www.coursera.org/learn/modern-world-2/lecture/0Q8Jx/imagining-new-countries,25,postwar,https://www.coursera.org/learn/modern-world-2/lecture/MvvEo/postwar,1
24,imagining new countries,https://www.coursera.org/learn/modern-world-2/lecture/0Q8Jx/imagining-new-countries,26,two europes,https://www.coursera.org/learn/modern-world-2/lecture/ufWCN/two-europes,0
24,imagining new countries,https://www.coursera.org/learn/modern-world-2/lecture/0Q8Jx/imagining-new-countries,28,the age of the americans,https://www.coursera.org/learn/modern-world-2/lecture/0gCBs/the-age-of-the-americans,1
24,imagining new countries,https://www.coursera.org/learn/modern-world-2/lecture/0Q8Jx/imagining-new-countries,29,choosing war in korea,https://www.coursera.org/learn/modern-world-2/lecture/VieTw/choosing-war-in-korea,0
24,imagining new countries,https://www.coursera.org/learn/modern-world-2/lecture/0Q8Jx/imagining-new-countries,32,the nuclear revolution,https://www.coursera.org/learn/modern-world-2/lecture/vckU1/the-nuclear-revolution,0
24,imagining new countries,https://www.coursera.org/learn/modern-world-2/lecture/0Q8Jx/imagining-new-countries,34,the third world,https://www.coursera.org/learn/modern-world-2/lecture/2Pcqj/the-third-world,0
24,imagining new countries,https://www.coursera.org/learn/modern-world-2/lecture/0Q8Jx/imagining-new-countries,35,to the brink,https://www.coursera.org/learn/modern-world-2/lecture/x3FDe/to-the-brink,0
24,imagining new countries,https://www.coursera.org/learn/modern-world-2/lecture/0Q8Jx/imagining-new-countries,36,wars of containment,https://www.coursera.org/learn/modern-world-2/lecture/ioucd/wars-of-containment,0
24,imagining new countries,https://www.coursera.org/learn/modern-world-2/lecture/0Q8Jx/imagining-new-countries,38,the weary establishment,https://www.coursera.org/learn/modern-world-2/lecture/rtuBE/the-weary-establishment,0
25,postwar,https://www.coursera.org/learn/modern-world-2/lecture/MvvEo/postwar,26,two europes,https://www.coursera.org/learn/modern-world-2/lecture/ufWCN/two-europes,1
25,postwar,https://www.coursera.org/learn/modern-world-2/lecture/MvvEo/postwar,28,the age of the americans,https://www.coursera.org/learn/modern-world-2/lecture/0gCBs/the-age-of-the-americans,1
25,postwar,https://www.coursera.org/learn/modern-world-2/lecture/MvvEo/postwar,29,choosing war in korea,https://www.coursera.org/learn/modern-world-2/lecture/VieTw/choosing-war-in-korea,1
25,postwar,https://www.coursera.org/learn/modern-world-2/lecture/MvvEo/postwar,33,new empires and confederations,https://www.coursera.org/learn/modern-world-2/lecture/GrYhD/new-empires-and-confederations,0
25,postwar,https://www.coursera.org/learn/modern-world-2/lecture/MvvEo/postwar,34,the third world,https://www.coursera.org/learn/modern-world-2/lecture/2Pcqj/the-third-world,0
25,postwar,https://www.coursera.org/learn/modern-world-2/lecture/MvvEo/postwar,35,to the brink,https://www.coursera.org/learn/modern-world-2/lecture/x3FDe/to-the-brink,0
25,postwar,https://www.coursera.org/learn/modern-world-2/lecture/MvvEo/postwar,43,the end of the cold war,https://www.coursera.org/learn/modern-world-2/lecture/nDYXg/the-end-of-the-cold-war,0
25,postwar,https://www.coursera.org/learn/modern-world-2/lecture/MvvEo/postwar,45,toward a new era in world history,https://www.coursera.org/learn/modern-world-2/lecture/8LMac/toward-a-new-era-in-world-history,0
25,postwar,https://www.coursera.org/learn/modern-world-2/lecture/MvvEo/postwar,50,the global and the local,https://www.coursera.org/learn/modern-world-2/lecture/7evOd/the-global-and-the-local,0
25,postwar,https://www.coursera.org/learn/modern-world-2/lecture/MvvEo/postwar,51,an age of transition,https://www.coursera.org/learn/modern-world-2/lecture/2LHxa/an-age-of-transition,0
26,two europes,https://www.coursera.org/learn/modern-world-2/lecture/ufWCN/two-europes,28,the age of the americans,https://www.coursera.org/learn/modern-world-2/lecture/0gCBs/the-age-of-the-americans,1
26,two europes,https://www.coursera.org/learn/modern-world-2/lecture/ufWCN/two-europes,29,choosing war in korea,https://www.coursera.org/learn/modern-world-2/lecture/VieTw/choosing-war-in-korea,1
26,two europes,https://www.coursera.org/learn/modern-world-2/lecture/ufWCN/two-europes,32,the nuclear revolution,https://www.coursera.org/learn/modern-world-2/lecture/vckU1/the-nuclear-revolution,0
26,two europes,https://www.coursera.org/learn/modern-world-2/lecture/ufWCN/two-europes,33,new empires and confederations,https://www.coursera.org/learn/modern-world-2/lecture/GrYhD/new-empires-and-confederations,0
26,two europes,https://www.coursera.org/learn/modern-world-2/lecture/ufWCN/two-europes,34,the third world,https://www.coursera.org/learn/modern-world-2/lecture/2Pcqj/the-third-world,0
26,two europes,https://www.coursera.org/learn/modern-world-2/lecture/ufWCN/two-europes,35,to the brink,https://www.coursera.org/learn/modern-world-2/lecture/x3FDe/to-the-brink,1
26,two europes,https://www.coursera.org/learn/modern-world-2/lecture/ufWCN/two-europes,36,wars of containment,https://www.coursera.org/learn/modern-world-2/lecture/ioucd/wars-of-containment,0
26,two europes,https://www.coursera.org/learn/modern-world-2/lecture/ufWCN/two-europes,38,the weary establishment,https://www.coursera.org/learn/modern-world-2/lecture/rtuBE/the-weary-establishment,0
26,two europes,https://www.coursera.org/learn/modern-world-2/lecture/ufWCN/two-europes,43,the end of the cold war,https://www.coursera.org/learn/modern-world-2/lecture/nDYXg/the-end-of-the-cold-war,1
26,two europes,https://www.coursera.org/learn/modern-world-2/lecture/ufWCN/two-europes,45,toward a new era in world history,https://www.coursera.org/learn/modern-world-2/lecture/8LMac/toward-a-new-era-in-world-history,0
26,two europes,https://www.coursera.org/learn/modern-world-2/lecture/ufWCN/two-europes,50,the global and the local,https://www.coursera.org/learn/modern-world-2/lecture/7evOd/the-global-and-the-local,0
26,two europes,https://www.coursera.org/learn/modern-world-2/lecture/ufWCN/two-europes,51,an age of transition,https://www.coursera.org/learn/modern-world-2/lecture/2LHxa/an-age-of-transition,0
28,the age of the americans,https://www.coursera.org/learn/modern-world-2/lecture/0gCBs/the-age-of-the-americans,29,choosing war in korea,https://www.coursera.org/learn/modern-world-2/lecture/VieTw/choosing-war-in-korea,1
28,the age of the americans,https://www.coursera.org/learn/modern-world-2/lecture/0gCBs/the-age-of-the-americans,32,the nuclear revolution,https://www.coursera.org/learn/modern-world-2/lecture/vckU1/the-nuclear-revolution,0
28,the age of the americans,https://www.coursera.org/learn/modern-world-2/lecture/0gCBs/the-age-of-the-americans,33,new empires and confederations,https://www.coursera.org/learn/modern-world-2/lecture/GrYhD/new-empires-and-confederations,0
28,the age of the americans,https://www.coursera.org/learn/modern-world-2/lecture/0gCBs/the-age-of-the-americans,34,the third world,https://www.coursera.org/learn/modern-world-2/lecture/2Pcqj/the-third-world,0
28,the age of the americans,https://www.coursera.org/learn/modern-world-2/lecture/0gCBs/the-age-of-the-americans,35,to the brink,https://www.coursera.org/learn/modern-world-2/lecture/x3FDe/to-the-brink,0
28,the age of the americans,https://www.coursera.org/learn/modern-world-2/lecture/0gCBs/the-age-of-the-americans,36,wars of containment,https://www.coursera.org/learn/modern-world-2/lecture/ioucd/wars-of-containment,1
28,the age of the americans,https://www.coursera.org/learn/modern-world-2/lecture/0gCBs/the-age-of-the-americans,38,the weary establishment,https://www.coursera.org/learn/modern-world-2/lecture/rtuBE/the-weary-establishment,1
28,the age of the americans,https://www.coursera.org/learn/modern-world-2/lecture/0gCBs/the-age-of-the-americans,43,the end of the cold war,https://www.coursera.org/learn/modern-world-2/lecture/nDYXg/the-end-of-the-cold-war,0
28,the age of the americans,https://www.coursera.org/learn/modern-world-2/lecture/0gCBs/the-age-of-the-americans,45,toward a new era in world history,https://www.coursera.org/learn/modern-world-2/lecture/8LMac/toward-a-new-era-in-world-history,0
28,the age of the americans,https://www.coursera.org/learn/modern-world-2/lecture/0gCBs/the-age-of-the-americans,50,the global and the local,https://www.coursera.org/learn/modern-world-2/lecture/7evOd/the-global-and-the-local,0
28,the age of the americans,https://www.coursera.org/learn/modern-world-2/lecture/0gCBs/the-age-of-the-americans,51,an age of transition,https://www.coursera.org/learn/modern-world-2/lecture/2LHxa/an-age-of-transition,0
29,choosing war in korea,https://www.coursera.org/learn/modern-world-2/lecture/VieTw/choosing-war-in-korea,32,the nuclear revolution,https://www.coursera.org/learn/modern-world-2/lecture/vckU1/the-nuclear-revolution,1
29,choosing war in korea,https://www.coursera.org/learn/modern-world-2/lecture/VieTw/choosing-war-in-korea,33,new empires and confederations,https://www.coursera.org/learn/modern-world-2/lecture/GrYhD/new-empires-and-confederations,1
29,choosing war in korea,https://www.coursera.org/learn/modern-world-2/lecture/VieTw/choosing-war-in-korea,35,to the brink,https://www.coursera.org/learn/modern-world-2/lecture/x3FDe/to-the-brink,1
29,choosing war in korea,https://www.coursera.org/learn/modern-world-2/lecture/VieTw/choosing-war-in-korea,36,wars of containment,https://www.coursera.org/learn/modern-world-2/lecture/ioucd/wars-of-containment,0
29,choosing war in korea,https://www.coursera.org/learn/modern-world-2/lecture/VieTw/choosing-war-in-korea,38,the weary establishment,https://www.coursera.org/learn/modern-world-2/lecture/rtuBE/the-weary-establishment,0
29,choosing war in korea,https://www.coursera.org/learn/modern-world-2/lecture/VieTw/choosing-war-in-korea,43,the end of the cold war,https://www.coursera.org/learn/modern-world-2/lecture/nDYXg/the-end-of-the-cold-war,0
29,choosing war in korea,https://www.coursera.org/learn/modern-world-2/lecture/VieTw/choosing-war-in-korea,45,toward a new era in world history,https://www.coursera.org/learn/modern-world-2/lecture/8LMac/toward-a-new-era-in-world-history,0
29,choosing war in korea,https://www.coursera.org/learn/modern-world-2/lecture/VieTw/choosing-war-in-korea,50,the global and the local,https://www.coursera.org/learn/modern-world-2/lecture/7evOd/the-global-and-the-local,0
29,choosing war in korea,https://www.coursera.org/learn/modern-world-2/lecture/VieTw/choosing-war-in-korea,51,an age of transition,https://www.coursera.org/learn/modern-world-2/lecture/2LHxa/an-age-of-transition,0
32,the nuclear revolution,https://www.coursera.org/learn/modern-world-2/lecture/vckU1/the-nuclear-revolution,33,new empires and confederations,https://www.coursera.org/learn/modern-world-2/lecture/GrYhD/new-empires-and-confederations,0
32,the nuclear revolution,https://www.coursera.org/learn/modern-world-2/lecture/vckU1/the-nuclear-revolution,34,the third world,https://www.coursera.org/learn/modern-world-2/lecture/2Pcqj/the-third-world,0
32,the nuclear revolution,https://www.coursera.org/learn/modern-world-2/lecture/vckU1/the-nuclear-revolution,35,to the brink,https://www.coursera.org/learn/modern-world-2/lecture/x3FDe/to-the-brink,1
32,the nuclear revolution,https://www.coursera.org/learn/modern-world-2/lecture/vckU1/the-nuclear-revolution,43,the end of the cold war,https://www.coursera.org/learn/modern-world-2/lecture/nDYXg/the-end-of-the-cold-war,0
32,the nuclear revolution,https://www.coursera.org/learn/modern-world-2/lecture/vckU1/the-nuclear-revolution,45,toward a new era in world history,https://www.coursera.org/learn/modern-world-2/lecture/8LMac/toward-a-new-era-in-world-history,0
32,the nuclear revolution,https://www.coursera.org/learn/modern-world-2/lecture/vckU1/the-nuclear-revolution,50,the global and the local,https://www.coursera.org/learn/modern-world-2/lecture/7evOd/the-global-and-the-local,0
32,the nuclear revolution,https://www.coursera.org/learn/modern-world-2/lecture/vckU1/the-nuclear-revolution,51,an age of transition,https://www.coursera.org/learn/modern-world-2/lecture/2LHxa/an-age-of-transition,0
33,new empires and confederations,https://www.coursera.org/learn/modern-world-2/lecture/GrYhD/new-empires-and-confederations,34,the third world,https://www.coursera.org/learn/modern-world-2/lecture/2Pcqj/the-third-world,0
33,new empires and confederations,https://www.coursera.org/learn/modern-world-2/lecture/GrYhD/new-empires-and-confederations,35,to the brink,https://www.coursera.org/learn/modern-world-2/lecture/x3FDe/to-the-brink,0
33,new empires and confederations,https://www.coursera.org/learn/modern-world-2/lecture/GrYhD/new-empires-and-confederations,36,wars of containment,https://www.coursera.org/learn/modern-world-2/lecture/ioucd/wars-of-containment,1
33,new empires and confederations,https://www.coursera.org/learn/modern-world-2/lecture/GrYhD/new-empires-and-confederations,38,the weary establishment,https://www.coursera.org/learn/modern-world-2/lecture/rtuBE/the-weary-establishment,1
33,new empires and confederations,https://www.coursera.org/learn/modern-world-2/lecture/GrYhD/new-empires-and-confederations,43,the end of the cold war,https://www.coursera.org/learn/modern-world-2/lecture/nDYXg/the-end-of-the-cold-war,0
33,new empires and confederations,https://www.coursera.org/learn/modern-world-2/lecture/GrYhD/new-empires-and-confederations,45,toward a new era in world history,https://www.coursera.org/learn/modern-world-2/lecture/8LMac/toward-a-new-era-in-world-history,0
34,the third world,https://www.coursera.org/learn/modern-world-2/lecture/2Pcqj/the-third-world,35,to the brink,https://www.coursera.org/learn/modern-world-2/lecture/x3FDe/to-the-brink,0
34,the third world,https://www.coursera.org/learn/modern-world-2/lecture/2Pcqj/the-third-world,36,wars of containment,https://www.coursera.org/learn/modern-world-2/lecture/ioucd/wars-of-containment,1
34,the third world,https://www.coursera.org/learn/modern-world-2/lecture/2Pcqj/the-third-world,38,the weary establishment,https://www.coursera.org/learn/modern-world-2/lecture/rtuBE/the-weary-establishment,1
34,the third world,https://www.coursera.org/learn/modern-world-2/lecture/2Pcqj/the-third-world,43,the end of the cold war,https://www.coursera.org/learn/modern-world-2/lecture/nDYXg/the-end-of-the-cold-war,0
34,the third world,https://www.coursera.org/learn/modern-world-2/lecture/2Pcqj/the-third-world,45,toward a new era in world history,https://www.coursera.org/learn/modern-world-2/lecture/8LMac/toward-a-new-era-in-world-history,0
34,the third world,https://www.coursera.org/learn/modern-world-2/lecture/2Pcqj/the-third-world,50,the global and the local,https://www.coursera.org/learn/modern-world-2/lecture/7evOd/the-global-and-the-local,0
34,the third world,https://www.coursera.org/learn/modern-world-2/lecture/2Pcqj/the-third-world,51,an age of transition,https://www.coursera.org/learn/modern-world-2/lecture/2LHxa/an-age-of-transition,0
35,to the brink,https://www.coursera.org/learn/modern-world-2/lecture/x3FDe/to-the-brink,36,wars of containment,https://www.coursera.org/learn/modern-world-2/lecture/ioucd/wars-of-containment,1
35,to the brink,https://www.coursera.org/learn/modern-world-2/lecture/x3FDe/to-the-brink,38,the weary establishment,https://www.coursera.org/learn/modern-world-2/lecture/rtuBE/the-weary-establishment,1
35,to the brink,https://www.coursera.org/learn/modern-world-2/lecture/x3FDe/to-the-brink,43,the end of the cold war,https://www.coursera.org/learn/modern-world-2/lecture/nDYXg/the-end-of-the-cold-war,1
35,to the brink,https://www.coursera.org/learn/modern-world-2/lecture/x3FDe/to-the-brink,45,toward a new era in world history,https://www.coursera.org/learn/modern-world-2/lecture/8LMac/toward-a-new-era-in-world-history,0
35,to the brink,https://www.coursera.org/learn/modern-world-2/lecture/x3FDe/to-the-brink,50,the global and the local,https://www.coursera.org/learn/modern-world-2/lecture/7evOd/the-global-and-the-local,0
35,to the brink,https://www.coursera.org/learn/modern-world-2/lecture/x3FDe/to-the-brink,51,an age of transition,https://www.coursera.org/learn/modern-world-2/lecture/2LHxa/an-age-of-transition,0
36,wars of containment,https://www.coursera.org/learn/modern-world-2/lecture/ioucd/wars-of-containment,43,the end of the cold war,https://www.coursera.org/learn/modern-world-2/lecture/nDYXg/the-end-of-the-cold-war,1
36,wars of containment,https://www.coursera.org/learn/modern-world-2/lecture/ioucd/wars-of-containment,45,toward a new era in world history,https://www.coursera.org/learn/modern-world-2/lecture/8LMac/toward-a-new-era-in-world-history,0
36,wars of containment,https://www.coursera.org/learn/modern-world-2/lecture/ioucd/wars-of-containment,50,the global and the local,https://www.coursera.org/learn/modern-world-2/lecture/7evOd/the-global-and-the-local,0
36,wars of containment,https://www.coursera.org/learn/modern-world-2/lecture/ioucd/wars-of-containment,51,an age of transition,https://www.coursera.org/learn/modern-world-2/lecture/2LHxa/an-age-of-transition,0
38,the weary establishment,https://www.coursera.org/learn/modern-world-2/lecture/rtuBE/the-weary-establishment,45,toward a new era in world history,https://www.coursera.org/learn/modern-world-2/lecture/8LMac/toward-a-new-era-in-world-history,0
38,the weary establishment,https://www.coursera.org/learn/modern-world-2/lecture/rtuBE/the-weary-establishment,50,the global and the local,https://www.coursera.org/learn/modern-world-2/lecture/7evOd/the-global-and-the-local,1
38,the weary establishment,https://www.coursera.org/learn/modern-world-2/lecture/rtuBE/the-weary-establishment,51,an age of transition,https://www.coursera.org/learn/modern-world-2/lecture/2LHxa/an-age-of-transition,0
43,the end of the cold war,https://www.coursera.org/learn/modern-world-2/lecture/nDYXg/the-end-of-the-cold-war,45,toward a new era in world history,https://www.coursera.org/learn/modern-world-2/lecture/8LMac/toward-a-new-era-in-world-history,1
43,the end of the cold war,https://www.coursera.org/learn/modern-world-2/lecture/nDYXg/the-end-of-the-cold-war,50,the global and the local,https://www.coursera.org/learn/modern-world-2/lecture/7evOd/the-global-and-the-local,0
43,the end of the cold war,https://www.coursera.org/learn/modern-world-2/lecture/nDYXg/the-end-of-the-cold-war,51,an age of transition,https://www.coursera.org/learn/modern-world-2/lecture/2LHxa/an-age-of-transition,0
45,toward a new era in world history,https://www.coursera.org/learn/modern-world-2/lecture/8LMac/toward-a-new-era-in-world-history,50,the global and the local,https://www.coursera.org/learn/modern-world-2/lecture/7evOd/the-global-and-the-local,1
45,toward a new era in world history,https://www.coursera.org/learn/modern-world-2/lecture/8LMac/toward-a-new-era-in-world-history,51,an age of transition,https://www.coursera.org/learn/modern-world-2/lecture/2LHxa/an-age-of-transition,1
