lecture video A index,lecture video A site,lecture video B index,lecture video B site,lecture video A title,lecture video B title,vote result
1,https://www.coursera.org/learn/algorithms-part1/lecture/buZPh/course-introduction,16,https://www.coursera.org/learn/algorithms-part1/lecture/0URQC/generics,course introduction,generics,0
1,https://www.coursera.org/learn/algorithms-part1/lecture/buZPh/course-introduction,21,https://www.coursera.org/learn/algorithms-part1/lecture/1hYlN/insertion-sort,course introduction,insertion sort,0
1,https://www.coursera.org/learn/algorithms-part1/lecture/buZPh/course-introduction,23,https://www.coursera.org/learn/algorithms-part1/lecture/12vcF/shuffling,course introduction,shuffling,0
1,https://www.coursera.org/learn/algorithms-part1/lecture/buZPh/course-introduction,29,https://www.coursera.org/learn/algorithms-part1/lecture/pvvLZ/stability,course introduction,stability,0
1,https://www.coursera.org/learn/algorithms-part1/lecture/buZPh/course-introduction,40,https://www.coursera.org/learn/algorithms-part1/lecture/VDp3O/ordered-operations,course introduction,ordered operations,0
1,https://www.coursera.org/learn/algorithms-part1/lecture/buZPh/course-introduction,41,https://www.coursera.org/learn/algorithms-part1/lecture/7An9B/binary-search-trees,course introduction,binary search trees,0
1,https://www.coursera.org/learn/algorithms-part1/lecture/buZPh/course-introduction,52,https://www.coursera.org/learn/algorithms-part1/lecture/CMLqa/hash-tables,course introduction,hash tables,0
1,https://www.coursera.org/learn/algorithms-part1/lecture/buZPh/course-introduction,56,https://www.coursera.org/learn/algorithms-part1/lecture/ewcSx/symbol-table-applications-sets-optional,course introduction,symbol table applications sets optional,0
2,https://www.coursera.org/learn/algorithms-part1/lecture/fjxHC/dynamic-connectivity,16,https://www.coursera.org/learn/algorithms-part1/lecture/0URQC/generics,dynamic connectivity,generics,0
2,https://www.coursera.org/learn/algorithms-part1/lecture/fjxHC/dynamic-connectivity,21,https://www.coursera.org/learn/algorithms-part1/lecture/1hYlN/insertion-sort,dynamic connectivity,insertion sort,0
2,https://www.coursera.org/learn/algorithms-part1/lecture/fjxHC/dynamic-connectivity,29,https://www.coursera.org/learn/algorithms-part1/lecture/pvvLZ/stability,dynamic connectivity,stability,0
2,https://www.coursera.org/learn/algorithms-part1/lecture/fjxHC/dynamic-connectivity,40,https://www.coursera.org/learn/algorithms-part1/lecture/VDp3O/ordered-operations,dynamic connectivity,ordered operations,0
2,https://www.coursera.org/learn/algorithms-part1/lecture/fjxHC/dynamic-connectivity,41,https://www.coursera.org/learn/algorithms-part1/lecture/7An9B/binary-search-trees,dynamic connectivity,binary search trees,0
2,https://www.coursera.org/learn/algorithms-part1/lecture/fjxHC/dynamic-connectivity,56,https://www.coursera.org/learn/algorithms-part1/lecture/ewcSx/symbol-table-applications-sets-optional,dynamic connectivity,symbol table applications sets optional,0
3,https://www.coursera.org/learn/algorithms-part1/lecture/EcF3P/quick-find,14,https://www.coursera.org/learn/algorithms-part1/lecture/WTFO7/resizing-arrays,quick find,resizing arrays,0
3,https://www.coursera.org/learn/algorithms-part1/lecture/EcF3P/quick-find,16,https://www.coursera.org/learn/algorithms-part1/lecture/0URQC/generics,quick find,generics,0
3,https://www.coursera.org/learn/algorithms-part1/lecture/EcF3P/quick-find,17,https://www.coursera.org/learn/algorithms-part1/lecture/zGZE0/iterators,quick find,iterators,0
3,https://www.coursera.org/learn/algorithms-part1/lecture/EcF3P/quick-find,21,https://www.coursera.org/learn/algorithms-part1/lecture/1hYlN/insertion-sort,quick find,insertion sort,1
3,https://www.coursera.org/learn/algorithms-part1/lecture/EcF3P/quick-find,29,https://www.coursera.org/learn/algorithms-part1/lecture/pvvLZ/stability,quick find,stability,0
3,https://www.coursera.org/learn/algorithms-part1/lecture/EcF3P/quick-find,40,https://www.coursera.org/learn/algorithms-part1/lecture/VDp3O/ordered-operations,quick find,ordered operations,0
3,https://www.coursera.org/learn/algorithms-part1/lecture/EcF3P/quick-find,41,https://www.coursera.org/learn/algorithms-part1/lecture/7An9B/binary-search-trees,quick find,binary search trees,0
3,https://www.coursera.org/learn/algorithms-part1/lecture/EcF3P/quick-find,43,https://www.coursera.org/learn/algorithms-part1/lecture/PWZAr/deletion-in-bsts,quick find,deletion in bsts,0
3,https://www.coursera.org/learn/algorithms-part1/lecture/EcF3P/quick-find,46,https://www.coursera.org/learn/algorithms-part1/lecture/HIlHd/b-trees-optional,quick find,b trees optional,0
3,https://www.coursera.org/learn/algorithms-part1/lecture/EcF3P/quick-find,56,https://www.coursera.org/learn/algorithms-part1/lecture/ewcSx/symbol-table-applications-sets-optional,quick find,symbol table applications sets optional,0
5,https://www.coursera.org/learn/algorithms-part1/lecture/RZW72/quick-union-improvements,14,https://www.coursera.org/learn/algorithms-part1/lecture/WTFO7/resizing-arrays,quick union improvements,resizing arrays,0
5,https://www.coursera.org/learn/algorithms-part1/lecture/RZW72/quick-union-improvements,16,https://www.coursera.org/learn/algorithms-part1/lecture/0URQC/generics,quick union improvements,generics,0
5,https://www.coursera.org/learn/algorithms-part1/lecture/RZW72/quick-union-improvements,17,https://www.coursera.org/learn/algorithms-part1/lecture/zGZE0/iterators,quick union improvements,iterators,0
5,https://www.coursera.org/learn/algorithms-part1/lecture/RZW72/quick-union-improvements,21,https://www.coursera.org/learn/algorithms-part1/lecture/1hYlN/insertion-sort,quick union improvements,insertion sort,0
5,https://www.coursera.org/learn/algorithms-part1/lecture/RZW72/quick-union-improvements,23,https://www.coursera.org/learn/algorithms-part1/lecture/12vcF/shuffling,quick union improvements,shuffling,0
5,https://www.coursera.org/learn/algorithms-part1/lecture/RZW72/quick-union-improvements,29,https://www.coursera.org/learn/algorithms-part1/lecture/pvvLZ/stability,quick union improvements,stability,0
5,https://www.coursera.org/learn/algorithms-part1/lecture/RZW72/quick-union-improvements,40,https://www.coursera.org/learn/algorithms-part1/lecture/VDp3O/ordered-operations,quick union improvements,ordered operations,0
5,https://www.coursera.org/learn/algorithms-part1/lecture/RZW72/quick-union-improvements,41,https://www.coursera.org/learn/algorithms-part1/lecture/7An9B/binary-search-trees,quick union improvements,binary search trees,1
5,https://www.coursera.org/learn/algorithms-part1/lecture/RZW72/quick-union-improvements,43,https://www.coursera.org/learn/algorithms-part1/lecture/PWZAr/deletion-in-bsts,quick union improvements,deletion in bsts,0
5,https://www.coursera.org/learn/algorithms-part1/lecture/RZW72/quick-union-improvements,46,https://www.coursera.org/learn/algorithms-part1/lecture/HIlHd/b-trees-optional,quick union improvements,b trees optional,1
5,https://www.coursera.org/learn/algorithms-part1/lecture/RZW72/quick-union-improvements,52,https://www.coursera.org/learn/algorithms-part1/lecture/CMLqa/hash-tables,quick union improvements,hash tables,0
6,https://www.coursera.org/learn/algorithms-part1/lecture/OLXM8/union-find-applications,12,https://www.coursera.org/learn/algorithms-part1/lecture/OMj6h/memory,union find applications,memory,0
6,https://www.coursera.org/learn/algorithms-part1/lecture/OLXM8/union-find-applications,16,https://www.coursera.org/learn/algorithms-part1/lecture/0URQC/generics,union find applications,generics,0
6,https://www.coursera.org/learn/algorithms-part1/lecture/OLXM8/union-find-applications,21,https://www.coursera.org/learn/algorithms-part1/lecture/1hYlN/insertion-sort,union find applications,insertion sort,0
6,https://www.coursera.org/learn/algorithms-part1/lecture/OLXM8/union-find-applications,23,https://www.coursera.org/learn/algorithms-part1/lecture/12vcF/shuffling,union find applications,shuffling,0
6,https://www.coursera.org/learn/algorithms-part1/lecture/OLXM8/union-find-applications,29,https://www.coursera.org/learn/algorithms-part1/lecture/pvvLZ/stability,union find applications,stability,0
6,https://www.coursera.org/learn/algorithms-part1/lecture/OLXM8/union-find-applications,40,https://www.coursera.org/learn/algorithms-part1/lecture/VDp3O/ordered-operations,union find applications,ordered operations,0
6,https://www.coursera.org/learn/algorithms-part1/lecture/OLXM8/union-find-applications,41,https://www.coursera.org/learn/algorithms-part1/lecture/7An9B/binary-search-trees,union find applications,binary search trees,0
6,https://www.coursera.org/learn/algorithms-part1/lecture/OLXM8/union-find-applications,52,https://www.coursera.org/learn/algorithms-part1/lecture/CMLqa/hash-tables,union find applications,hash tables,0
6,https://www.coursera.org/learn/algorithms-part1/lecture/OLXM8/union-find-applications,56,https://www.coursera.org/learn/algorithms-part1/lecture/ewcSx/symbol-table-applications-sets-optional,union find applications,symbol table applications sets optional,0
7,https://www.coursera.org/learn/algorithms-part1/lecture/xaxyP/analysis-of-algorithms-introduction,14,https://www.coursera.org/learn/algorithms-part1/lecture/WTFO7/resizing-arrays,analysis of algorithms introduction,resizing arrays,1
7,https://www.coursera.org/learn/algorithms-part1/lecture/xaxyP/analysis-of-algorithms-introduction,16,https://www.coursera.org/learn/algorithms-part1/lecture/0URQC/generics,analysis of algorithms introduction,generics,0
7,https://www.coursera.org/learn/algorithms-part1/lecture/xaxyP/analysis-of-algorithms-introduction,17,https://www.coursera.org/learn/algorithms-part1/lecture/zGZE0/iterators,analysis of algorithms introduction,iterators,0
7,https://www.coursera.org/learn/algorithms-part1/lecture/xaxyP/analysis-of-algorithms-introduction,21,https://www.coursera.org/learn/algorithms-part1/lecture/1hYlN/insertion-sort,analysis of algorithms introduction,insertion sort,1
7,https://www.coursera.org/learn/algorithms-part1/lecture/xaxyP/analysis-of-algorithms-introduction,23,https://www.coursera.org/learn/algorithms-part1/lecture/12vcF/shuffling,analysis of algorithms introduction,shuffling,1
7,https://www.coursera.org/learn/algorithms-part1/lecture/xaxyP/analysis-of-algorithms-introduction,29,https://www.coursera.org/learn/algorithms-part1/lecture/pvvLZ/stability,analysis of algorithms introduction,stability,0
7,https://www.coursera.org/learn/algorithms-part1/lecture/xaxyP/analysis-of-algorithms-introduction,40,https://www.coursera.org/learn/algorithms-part1/lecture/VDp3O/ordered-operations,analysis of algorithms introduction,ordered operations,1
7,https://www.coursera.org/learn/algorithms-part1/lecture/xaxyP/analysis-of-algorithms-introduction,41,https://www.coursera.org/learn/algorithms-part1/lecture/7An9B/binary-search-trees,analysis of algorithms introduction,binary search trees,1
7,https://www.coursera.org/learn/algorithms-part1/lecture/xaxyP/analysis-of-algorithms-introduction,43,https://www.coursera.org/learn/algorithms-part1/lecture/PWZAr/deletion-in-bsts,analysis of algorithms introduction,deletion in bsts,0
7,https://www.coursera.org/learn/algorithms-part1/lecture/xaxyP/analysis-of-algorithms-introduction,46,https://www.coursera.org/learn/algorithms-part1/lecture/HIlHd/b-trees-optional,analysis of algorithms introduction,b trees optional,0
7,https://www.coursera.org/learn/algorithms-part1/lecture/xaxyP/analysis-of-algorithms-introduction,52,https://www.coursera.org/learn/algorithms-part1/lecture/CMLqa/hash-tables,analysis of algorithms introduction,hash tables,1
7,https://www.coursera.org/learn/algorithms-part1/lecture/xaxyP/analysis-of-algorithms-introduction,56,https://www.coursera.org/learn/algorithms-part1/lecture/ewcSx/symbol-table-applications-sets-optional,analysis of algorithms introduction,symbol table applications sets optional,0
8,https://www.coursera.org/learn/algorithms-part1/lecture/jmkCT/observations,12,https://www.coursera.org/learn/algorithms-part1/lecture/OMj6h/memory,observations,memory,1
8,https://www.coursera.org/learn/algorithms-part1/lecture/jmkCT/observations,14,https://www.coursera.org/learn/algorithms-part1/lecture/WTFO7/resizing-arrays,observations,resizing arrays,0
8,https://www.coursera.org/learn/algorithms-part1/lecture/jmkCT/observations,16,https://www.coursera.org/learn/algorithms-part1/lecture/0URQC/generics,observations,generics,0
8,https://www.coursera.org/learn/algorithms-part1/lecture/jmkCT/observations,17,https://www.coursera.org/learn/algorithms-part1/lecture/zGZE0/iterators,observations,iterators,0
8,https://www.coursera.org/learn/algorithms-part1/lecture/jmkCT/observations,21,https://www.coursera.org/learn/algorithms-part1/lecture/1hYlN/insertion-sort,observations,insertion sort,1
8,https://www.coursera.org/learn/algorithms-part1/lecture/jmkCT/observations,23,https://www.coursera.org/learn/algorithms-part1/lecture/12vcF/shuffling,observations,shuffling,0
8,https://www.coursera.org/learn/algorithms-part1/lecture/jmkCT/observations,29,https://www.coursera.org/learn/algorithms-part1/lecture/pvvLZ/stability,observations,stability,0
8,https://www.coursera.org/learn/algorithms-part1/lecture/jmkCT/observations,40,https://www.coursera.org/learn/algorithms-part1/lecture/VDp3O/ordered-operations,observations,ordered operations,0
8,https://www.coursera.org/learn/algorithms-part1/lecture/jmkCT/observations,41,https://www.coursera.org/learn/algorithms-part1/lecture/7An9B/binary-search-trees,observations,binary search trees,1
8,https://www.coursera.org/learn/algorithms-part1/lecture/jmkCT/observations,43,https://www.coursera.org/learn/algorithms-part1/lecture/PWZAr/deletion-in-bsts,observations,deletion in bsts,0
8,https://www.coursera.org/learn/algorithms-part1/lecture/jmkCT/observations,46,https://www.coursera.org/learn/algorithms-part1/lecture/HIlHd/b-trees-optional,observations,b trees optional,0
8,https://www.coursera.org/learn/algorithms-part1/lecture/jmkCT/observations,52,https://www.coursera.org/learn/algorithms-part1/lecture/CMLqa/hash-tables,observations,hash tables,1
9,https://www.coursera.org/learn/algorithms-part1/lecture/nrqSL/mathematical-models,14,https://www.coursera.org/learn/algorithms-part1/lecture/WTFO7/resizing-arrays,mathematical models,resizing arrays,1
9,https://www.coursera.org/learn/algorithms-part1/lecture/nrqSL/mathematical-models,16,https://www.coursera.org/learn/algorithms-part1/lecture/0URQC/generics,mathematical models,generics,0
9,https://www.coursera.org/learn/algorithms-part1/lecture/nrqSL/mathematical-models,17,https://www.coursera.org/learn/algorithms-part1/lecture/zGZE0/iterators,mathematical models,iterators,0
9,https://www.coursera.org/learn/algorithms-part1/lecture/nrqSL/mathematical-models,21,https://www.coursera.org/learn/algorithms-part1/lecture/1hYlN/insertion-sort,mathematical models,insertion sort,1
9,https://www.coursera.org/learn/algorithms-part1/lecture/nrqSL/mathematical-models,29,https://www.coursera.org/learn/algorithms-part1/lecture/pvvLZ/stability,mathematical models,stability,0
9,https://www.coursera.org/learn/algorithms-part1/lecture/nrqSL/mathematical-models,40,https://www.coursera.org/learn/algorithms-part1/lecture/VDp3O/ordered-operations,mathematical models,ordered operations,0
9,https://www.coursera.org/learn/algorithms-part1/lecture/nrqSL/mathematical-models,41,https://www.coursera.org/learn/algorithms-part1/lecture/7An9B/binary-search-trees,mathematical models,binary search trees,1
9,https://www.coursera.org/learn/algorithms-part1/lecture/nrqSL/mathematical-models,43,https://www.coursera.org/learn/algorithms-part1/lecture/PWZAr/deletion-in-bsts,mathematical models,deletion in bsts,0
9,https://www.coursera.org/learn/algorithms-part1/lecture/nrqSL/mathematical-models,46,https://www.coursera.org/learn/algorithms-part1/lecture/HIlHd/b-trees-optional,mathematical models,b trees optional,0
10,https://www.coursera.org/learn/algorithms-part1/lecture/Xk03a/order-of-growth-classifications,12,https://www.coursera.org/learn/algorithms-part1/lecture/OMj6h/memory,order of growth classifications,memory,1
10,https://www.coursera.org/learn/algorithms-part1/lecture/Xk03a/order-of-growth-classifications,14,https://www.coursera.org/learn/algorithms-part1/lecture/WTFO7/resizing-arrays,order of growth classifications,resizing arrays,1
10,https://www.coursera.org/learn/algorithms-part1/lecture/Xk03a/order-of-growth-classifications,16,https://www.coursera.org/learn/algorithms-part1/lecture/0URQC/generics,order of growth classifications,generics,0
10,https://www.coursera.org/learn/algorithms-part1/lecture/Xk03a/order-of-growth-classifications,17,https://www.coursera.org/learn/algorithms-part1/lecture/zGZE0/iterators,order of growth classifications,iterators,0
10,https://www.coursera.org/learn/algorithms-part1/lecture/Xk03a/order-of-growth-classifications,21,https://www.coursera.org/learn/algorithms-part1/lecture/1hYlN/insertion-sort,order of growth classifications,insertion sort,1
10,https://www.coursera.org/learn/algorithms-part1/lecture/Xk03a/order-of-growth-classifications,23,https://www.coursera.org/learn/algorithms-part1/lecture/12vcF/shuffling,order of growth classifications,shuffling,0
10,https://www.coursera.org/learn/algorithms-part1/lecture/Xk03a/order-of-growth-classifications,29,https://www.coursera.org/learn/algorithms-part1/lecture/pvvLZ/stability,order of growth classifications,stability,0
10,https://www.coursera.org/learn/algorithms-part1/lecture/Xk03a/order-of-growth-classifications,40,https://www.coursera.org/learn/algorithms-part1/lecture/VDp3O/ordered-operations,order of growth classifications,ordered operations,1
10,https://www.coursera.org/learn/algorithms-part1/lecture/Xk03a/order-of-growth-classifications,41,https://www.coursera.org/learn/algorithms-part1/lecture/7An9B/binary-search-trees,order of growth classifications,binary search trees,1
10,https://www.coursera.org/learn/algorithms-part1/lecture/Xk03a/order-of-growth-classifications,43,https://www.coursera.org/learn/algorithms-part1/lecture/PWZAr/deletion-in-bsts,order of growth classifications,deletion in bsts,1
10,https://www.coursera.org/learn/algorithms-part1/lecture/Xk03a/order-of-growth-classifications,46,https://www.coursera.org/learn/algorithms-part1/lecture/HIlHd/b-trees-optional,order of growth classifications,b trees optional,0
10,https://www.coursera.org/learn/algorithms-part1/lecture/Xk03a/order-of-growth-classifications,52,https://www.coursera.org/learn/algorithms-part1/lecture/CMLqa/hash-tables,order of growth classifications,hash tables,1
11,https://www.coursera.org/learn/algorithms-part1/lecture/dfxCQ/theory-of-algorithms,12,https://www.coursera.org/learn/algorithms-part1/lecture/OMj6h/memory,theory of algorithms,memory,1
11,https://www.coursera.org/learn/algorithms-part1/lecture/dfxCQ/theory-of-algorithms,14,https://www.coursera.org/learn/algorithms-part1/lecture/WTFO7/resizing-arrays,theory of algorithms,resizing arrays,0
11,https://www.coursera.org/learn/algorithms-part1/lecture/dfxCQ/theory-of-algorithms,16,https://www.coursera.org/learn/algorithms-part1/lecture/0URQC/generics,theory of algorithms,generics,0
11,https://www.coursera.org/learn/algorithms-part1/lecture/dfxCQ/theory-of-algorithms,17,https://www.coursera.org/learn/algorithms-part1/lecture/zGZE0/iterators,theory of algorithms,iterators,0
11,https://www.coursera.org/learn/algorithms-part1/lecture/dfxCQ/theory-of-algorithms,21,https://www.coursera.org/learn/algorithms-part1/lecture/1hYlN/insertion-sort,theory of algorithms,insertion sort,1
11,https://www.coursera.org/learn/algorithms-part1/lecture/dfxCQ/theory-of-algorithms,23,https://www.coursera.org/learn/algorithms-part1/lecture/12vcF/shuffling,theory of algorithms,shuffling,0
11,https://www.coursera.org/learn/algorithms-part1/lecture/dfxCQ/theory-of-algorithms,29,https://www.coursera.org/learn/algorithms-part1/lecture/pvvLZ/stability,theory of algorithms,stability,0
11,https://www.coursera.org/learn/algorithms-part1/lecture/dfxCQ/theory-of-algorithms,41,https://www.coursera.org/learn/algorithms-part1/lecture/7An9B/binary-search-trees,theory of algorithms,binary search trees,1
11,https://www.coursera.org/learn/algorithms-part1/lecture/dfxCQ/theory-of-algorithms,43,https://www.coursera.org/learn/algorithms-part1/lecture/PWZAr/deletion-in-bsts,theory of algorithms,deletion in bsts,1
11,https://www.coursera.org/learn/algorithms-part1/lecture/dfxCQ/theory-of-algorithms,46,https://www.coursera.org/learn/algorithms-part1/lecture/HIlHd/b-trees-optional,theory of algorithms,b trees optional,0
11,https://www.coursera.org/learn/algorithms-part1/lecture/dfxCQ/theory-of-algorithms,52,https://www.coursera.org/learn/algorithms-part1/lecture/CMLqa/hash-tables,theory of algorithms,hash tables,1
11,https://www.coursera.org/learn/algorithms-part1/lecture/dfxCQ/theory-of-algorithms,56,https://www.coursera.org/learn/algorithms-part1/lecture/ewcSx/symbol-table-applications-sets-optional,theory of algorithms,symbol table applications sets optional,0
12,https://www.coursera.org/learn/algorithms-part1/lecture/OMj6h/memory,14,https://www.coursera.org/learn/algorithms-part1/lecture/WTFO7/resizing-arrays,memory,resizing arrays,1
12,https://www.coursera.org/learn/algorithms-part1/lecture/OMj6h/memory,18,https://www.coursera.org/learn/algorithms-part1/lecture/2Mbvz/stack-and-queue-applications-optional,memory,stack and queue applications optional,1
12,https://www.coursera.org/learn/algorithms-part1/lecture/OMj6h/memory,20,https://www.coursera.org/learn/algorithms-part1/lecture/VE0sv/selection-sort,memory,selection sort,1
12,https://www.coursera.org/learn/algorithms-part1/lecture/OMj6h/memory,21,https://www.coursera.org/learn/algorithms-part1/lecture/1hYlN/insertion-sort,memory,insertion sort,1
12,https://www.coursera.org/learn/algorithms-part1/lecture/OMj6h/memory,24,https://www.coursera.org/learn/algorithms-part1/lecture/KHJ1t/convex-hull,memory,convex hull,abandon
12,https://www.coursera.org/learn/algorithms-part1/lecture/OMj6h/memory,27,https://www.coursera.org/learn/algorithms-part1/lecture/xAltF/sorting-complexity,memory,sorting complexity,1
12,https://www.coursera.org/learn/algorithms-part1/lecture/OMj6h/memory,29,https://www.coursera.org/learn/algorithms-part1/lecture/pvvLZ/stability,memory,stability,0
12,https://www.coursera.org/learn/algorithms-part1/lecture/OMj6h/memory,31,https://www.coursera.org/learn/algorithms-part1/lecture/UQxFT/selection,memory,selection,0
12,https://www.coursera.org/learn/algorithms-part1/lecture/OMj6h/memory,32,https://www.coursera.org/learn/algorithms-part1/lecture/XvjPd/duplicate-keys,memory,duplicate keys,0
12,https://www.coursera.org/learn/algorithms-part1/lecture/OMj6h/memory,34,https://www.coursera.org/learn/algorithms-part1/lecture/A3kA3/apis-and-elementary-implementations,memory,apis and elementary implementations,0
12,https://www.coursera.org/learn/algorithms-part1/lecture/OMj6h/memory,35,https://www.coursera.org/learn/algorithms-part1/lecture/Uzwy6/binary-heaps,memory,binary heaps,1
12,https://www.coursera.org/learn/algorithms-part1/lecture/OMj6h/memory,36,https://www.coursera.org/learn/algorithms-part1/lecture/ZjoSM/heapsort,memory,heapsort,1
12,https://www.coursera.org/learn/algorithms-part1/lecture/OMj6h/memory,37,https://www.coursera.org/learn/algorithms-part1/lecture/QVhGs/event-driven-simulation-optional,memory,event driven simulation optional,0
12,https://www.coursera.org/learn/algorithms-part1/lecture/OMj6h/memory,39,https://www.coursera.org/learn/algorithms-part1/lecture/zkDUT/elementary-implementations,memory,elementary implementations,0
12,https://www.coursera.org/learn/algorithms-part1/lecture/OMj6h/memory,40,https://www.coursera.org/learn/algorithms-part1/lecture/VDp3O/ordered-operations,memory,ordered operations,0
12,https://www.coursera.org/learn/algorithms-part1/lecture/OMj6h/memory,42,https://www.coursera.org/learn/algorithms-part1/lecture/aJdPT/ordered-operations-in-bsts,memory,ordered operations in bsts,0
12,https://www.coursera.org/learn/algorithms-part1/lecture/OMj6h/memory,43,https://www.coursera.org/learn/algorithms-part1/lecture/PWZAr/deletion-in-bsts,memory,deletion in bsts,0
12,https://www.coursera.org/learn/algorithms-part1/lecture/OMj6h/memory,44,https://www.coursera.org/learn/algorithms-part1/lecture/wIUNW/2-3-search-trees,memory,search trees,1
12,https://www.coursera.org/learn/algorithms-part1/lecture/OMj6h/memory,46,https://www.coursera.org/learn/algorithms-part1/lecture/HIlHd/b-trees-optional,memory,b trees optional,1
12,https://www.coursera.org/learn/algorithms-part1/lecture/OMj6h/memory,48,https://www.coursera.org/learn/algorithms-part1/lecture/HeK99/line-segment-intersection,memory,line segment intersection,1
12,https://www.coursera.org/learn/algorithms-part1/lecture/OMj6h/memory,49,https://www.coursera.org/learn/algorithms-part1/lecture/Yionu/kd-trees,memory,kd trees,1
12,https://www.coursera.org/learn/algorithms-part1/lecture/OMj6h/memory,51,https://www.coursera.org/learn/algorithms-part1/lecture/mNiwq/rectangle-intersection,memory,rectangle intersection,0
12,https://www.coursera.org/learn/algorithms-part1/lecture/OMj6h/memory,56,https://www.coursera.org/learn/algorithms-part1/lecture/ewcSx/symbol-table-applications-sets-optional,memory,symbol table applications sets optional,0
13,https://www.coursera.org/learn/algorithms-part1/lecture/jSxyD/stacks,21,https://www.coursera.org/learn/algorithms-part1/lecture/1hYlN/insertion-sort,stacks,insertion sort,1
13,https://www.coursera.org/learn/algorithms-part1/lecture/jSxyD/stacks,23,https://www.coursera.org/learn/algorithms-part1/lecture/12vcF/shuffling,stacks,shuffling,1
13,https://www.coursera.org/learn/algorithms-part1/lecture/jSxyD/stacks,29,https://www.coursera.org/learn/algorithms-part1/lecture/pvvLZ/stability,stacks,stability,0
13,https://www.coursera.org/learn/algorithms-part1/lecture/jSxyD/stacks,40,https://www.coursera.org/learn/algorithms-part1/lecture/VDp3O/ordered-operations,stacks,ordered operations,0
13,https://www.coursera.org/learn/algorithms-part1/lecture/jSxyD/stacks,41,https://www.coursera.org/learn/algorithms-part1/lecture/7An9B/binary-search-trees,stacks,binary search trees,1
13,https://www.coursera.org/learn/algorithms-part1/lecture/jSxyD/stacks,52,https://www.coursera.org/learn/algorithms-part1/lecture/CMLqa/hash-tables,stacks,hash tables,1
13,https://www.coursera.org/learn/algorithms-part1/lecture/jSxyD/stacks,56,https://www.coursera.org/learn/algorithms-part1/lecture/ewcSx/symbol-table-applications-sets-optional,stacks,symbol table applications sets optional,0
14,https://www.coursera.org/learn/algorithms-part1/lecture/WTFO7/resizing-arrays,16,https://www.coursera.org/learn/algorithms-part1/lecture/0URQC/generics,resizing arrays,generics,0
14,https://www.coursera.org/learn/algorithms-part1/lecture/WTFO7/resizing-arrays,19,https://www.coursera.org/learn/algorithms-part1/lecture/JHpgy/sorting-introduction,resizing arrays,sorting introduction,0
14,https://www.coursera.org/learn/algorithms-part1/lecture/WTFO7/resizing-arrays,20,https://www.coursera.org/learn/algorithms-part1/lecture/VE0sv/selection-sort,resizing arrays,selection sort,0
14,https://www.coursera.org/learn/algorithms-part1/lecture/WTFO7/resizing-arrays,21,https://www.coursera.org/learn/algorithms-part1/lecture/1hYlN/insertion-sort,resizing arrays,insertion sort,0
14,https://www.coursera.org/learn/algorithms-part1/lecture/WTFO7/resizing-arrays,22,https://www.coursera.org/learn/algorithms-part1/lecture/zPYhF/shellsort,resizing arrays,shellsort,0
14,https://www.coursera.org/learn/algorithms-part1/lecture/WTFO7/resizing-arrays,23,https://www.coursera.org/learn/algorithms-part1/lecture/12vcF/shuffling,resizing arrays,shuffling,0
14,https://www.coursera.org/learn/algorithms-part1/lecture/WTFO7/resizing-arrays,24,https://www.coursera.org/learn/algorithms-part1/lecture/KHJ1t/convex-hull,resizing arrays,convex hull,0
14,https://www.coursera.org/learn/algorithms-part1/lecture/WTFO7/resizing-arrays,25,https://www.coursera.org/learn/algorithms-part1/lecture/ARWDq/mergesort,resizing arrays,mergesort,0
14,https://www.coursera.org/learn/algorithms-part1/lecture/WTFO7/resizing-arrays,27,https://www.coursera.org/learn/algorithms-part1/lecture/xAltF/sorting-complexity,resizing arrays,sorting complexity,1
14,https://www.coursera.org/learn/algorithms-part1/lecture/WTFO7/resizing-arrays,28,https://www.coursera.org/learn/algorithms-part1/lecture/9FYhS/comparators,resizing arrays,comparators,0
14,https://www.coursera.org/learn/algorithms-part1/lecture/WTFO7/resizing-arrays,29,https://www.coursera.org/learn/algorithms-part1/lecture/pvvLZ/stability,resizing arrays,stability,0
14,https://www.coursera.org/learn/algorithms-part1/lecture/WTFO7/resizing-arrays,30,https://www.coursera.org/learn/algorithms-part1/lecture/vjvnC/quicksort,resizing arrays,quicksort,0
14,https://www.coursera.org/learn/algorithms-part1/lecture/WTFO7/resizing-arrays,31,https://www.coursera.org/learn/algorithms-part1/lecture/UQxFT/selection,resizing arrays,selection,0
14,https://www.coursera.org/learn/algorithms-part1/lecture/WTFO7/resizing-arrays,32,https://www.coursera.org/learn/algorithms-part1/lecture/XvjPd/duplicate-keys,resizing arrays,duplicate keys,0
14,https://www.coursera.org/learn/algorithms-part1/lecture/WTFO7/resizing-arrays,36,https://www.coursera.org/learn/algorithms-part1/lecture/ZjoSM/heapsort,resizing arrays,heapsort,0
14,https://www.coursera.org/learn/algorithms-part1/lecture/WTFO7/resizing-arrays,37,https://www.coursera.org/learn/algorithms-part1/lecture/QVhGs/event-driven-simulation-optional,resizing arrays,event driven simulation optional,0
14,https://www.coursera.org/learn/algorithms-part1/lecture/WTFO7/resizing-arrays,38,https://www.coursera.org/learn/algorithms-part1/lecture/7WFvG/symbol-table-api,resizing arrays,symbol table api,0
14,https://www.coursera.org/learn/algorithms-part1/lecture/WTFO7/resizing-arrays,39,https://www.coursera.org/learn/algorithms-part1/lecture/zkDUT/elementary-implementations,resizing arrays,elementary implementations,0
14,https://www.coursera.org/learn/algorithms-part1/lecture/WTFO7/resizing-arrays,40,https://www.coursera.org/learn/algorithms-part1/lecture/VDp3O/ordered-operations,resizing arrays,ordered operations,0
14,https://www.coursera.org/learn/algorithms-part1/lecture/WTFO7/resizing-arrays,41,https://www.coursera.org/learn/algorithms-part1/lecture/7An9B/binary-search-trees,resizing arrays,binary search trees,0
14,https://www.coursera.org/learn/algorithms-part1/lecture/WTFO7/resizing-arrays,44,https://www.coursera.org/learn/algorithms-part1/lecture/wIUNW/2-3-search-trees,resizing arrays,search trees,0
14,https://www.coursera.org/learn/algorithms-part1/lecture/WTFO7/resizing-arrays,48,https://www.coursera.org/learn/algorithms-part1/lecture/HeK99/line-segment-intersection,resizing arrays,line segment intersection,0
14,https://www.coursera.org/learn/algorithms-part1/lecture/WTFO7/resizing-arrays,49,https://www.coursera.org/learn/algorithms-part1/lecture/Yionu/kd-trees,resizing arrays,kd trees,0
14,https://www.coursera.org/learn/algorithms-part1/lecture/WTFO7/resizing-arrays,51,https://www.coursera.org/learn/algorithms-part1/lecture/mNiwq/rectangle-intersection,resizing arrays,rectangle intersection,0
14,https://www.coursera.org/learn/algorithms-part1/lecture/WTFO7/resizing-arrays,52,https://www.coursera.org/learn/algorithms-part1/lecture/CMLqa/hash-tables,resizing arrays,hash tables,0
14,https://www.coursera.org/learn/algorithms-part1/lecture/WTFO7/resizing-arrays,54,https://www.coursera.org/learn/algorithms-part1/lecture/He696/linear-probing,resizing arrays,linear probing,0
14,https://www.coursera.org/learn/algorithms-part1/lecture/WTFO7/resizing-arrays,56,https://www.coursera.org/learn/algorithms-part1/lecture/ewcSx/symbol-table-applications-sets-optional,resizing arrays,symbol table applications sets optional,0
15,https://www.coursera.org/learn/algorithms-part1/lecture/5vgrm/queues,21,https://www.coursera.org/learn/algorithms-part1/lecture/1hYlN/insertion-sort,queues,insertion sort,0
15,https://www.coursera.org/learn/algorithms-part1/lecture/5vgrm/queues,23,https://www.coursera.org/learn/algorithms-part1/lecture/12vcF/shuffling,queues,shuffling,0
15,https://www.coursera.org/learn/algorithms-part1/lecture/5vgrm/queues,29,https://www.coursera.org/learn/algorithms-part1/lecture/pvvLZ/stability,queues,stability,0
15,https://www.coursera.org/learn/algorithms-part1/lecture/5vgrm/queues,40,https://www.coursera.org/learn/algorithms-part1/lecture/VDp3O/ordered-operations,queues,ordered operations,0
15,https://www.coursera.org/learn/algorithms-part1/lecture/5vgrm/queues,41,https://www.coursera.org/learn/algorithms-part1/lecture/7An9B/binary-search-trees,queues,binary search trees,1
15,https://www.coursera.org/learn/algorithms-part1/lecture/5vgrm/queues,52,https://www.coursera.org/learn/algorithms-part1/lecture/CMLqa/hash-tables,queues,hash tables,1
15,https://www.coursera.org/learn/algorithms-part1/lecture/5vgrm/queues,56,https://www.coursera.org/learn/algorithms-part1/lecture/ewcSx/symbol-table-applications-sets-optional,queues,symbol table applications sets optional,0
16,https://www.coursera.org/learn/algorithms-part1/lecture/0URQC/generics,18,https://www.coursera.org/learn/algorithms-part1/lecture/2Mbvz/stack-and-queue-applications-optional,generics,stack and queue applications optional,0
16,https://www.coursera.org/learn/algorithms-part1/lecture/0URQC/generics,20,https://www.coursera.org/learn/algorithms-part1/lecture/VE0sv/selection-sort,generics,selection sort,abandon
16,https://www.coursera.org/learn/algorithms-part1/lecture/0URQC/generics,21,https://www.coursera.org/learn/algorithms-part1/lecture/1hYlN/insertion-sort,generics,insertion sort,abandon
16,https://www.coursera.org/learn/algorithms-part1/lecture/0URQC/generics,22,https://www.coursera.org/learn/algorithms-part1/lecture/zPYhF/shellsort,generics,shellsort,abandon
16,https://www.coursera.org/learn/algorithms-part1/lecture/0URQC/generics,23,https://www.coursera.org/learn/algorithms-part1/lecture/12vcF/shuffling,generics,shuffling,0
16,https://www.coursera.org/learn/algorithms-part1/lecture/0URQC/generics,24,https://www.coursera.org/learn/algorithms-part1/lecture/KHJ1t/convex-hull,generics,convex hull,0
16,https://www.coursera.org/learn/algorithms-part1/lecture/0URQC/generics,25,https://www.coursera.org/learn/algorithms-part1/lecture/ARWDq/mergesort,generics,mergesort,0
16,https://www.coursera.org/learn/algorithms-part1/lecture/0URQC/generics,27,https://www.coursera.org/learn/algorithms-part1/lecture/xAltF/sorting-complexity,generics,sorting complexity,0
16,https://www.coursera.org/learn/algorithms-part1/lecture/0URQC/generics,29,https://www.coursera.org/learn/algorithms-part1/lecture/pvvLZ/stability,generics,stability,0
16,https://www.coursera.org/learn/algorithms-part1/lecture/0URQC/generics,30,https://www.coursera.org/learn/algorithms-part1/lecture/vjvnC/quicksort,generics,quicksort,0
16,https://www.coursera.org/learn/algorithms-part1/lecture/0URQC/generics,31,https://www.coursera.org/learn/algorithms-part1/lecture/UQxFT/selection,generics,selection,0
16,https://www.coursera.org/learn/algorithms-part1/lecture/0URQC/generics,32,https://www.coursera.org/learn/algorithms-part1/lecture/XvjPd/duplicate-keys,generics,duplicate keys,0
16,https://www.coursera.org/learn/algorithms-part1/lecture/0URQC/generics,34,https://www.coursera.org/learn/algorithms-part1/lecture/A3kA3/apis-and-elementary-implementations,generics,apis and elementary implementations,1
16,https://www.coursera.org/learn/algorithms-part1/lecture/0URQC/generics,35,https://www.coursera.org/learn/algorithms-part1/lecture/Uzwy6/binary-heaps,generics,binary heaps,0
16,https://www.coursera.org/learn/algorithms-part1/lecture/0URQC/generics,36,https://www.coursera.org/learn/algorithms-part1/lecture/ZjoSM/heapsort,generics,heapsort,0
16,https://www.coursera.org/learn/algorithms-part1/lecture/0URQC/generics,37,https://www.coursera.org/learn/algorithms-part1/lecture/QVhGs/event-driven-simulation-optional,generics,event driven simulation optional,0
16,https://www.coursera.org/learn/algorithms-part1/lecture/0URQC/generics,38,https://www.coursera.org/learn/algorithms-part1/lecture/7WFvG/symbol-table-api,generics,symbol table api,1
16,https://www.coursera.org/learn/algorithms-part1/lecture/0URQC/generics,39,https://www.coursera.org/learn/algorithms-part1/lecture/zkDUT/elementary-implementations,generics,elementary implementations,0
16,https://www.coursera.org/learn/algorithms-part1/lecture/0URQC/generics,40,https://www.coursera.org/learn/algorithms-part1/lecture/VDp3O/ordered-operations,generics,ordered operations,0
16,https://www.coursera.org/learn/algorithms-part1/lecture/0URQC/generics,41,https://www.coursera.org/learn/algorithms-part1/lecture/7An9B/binary-search-trees,generics,binary search trees,0
16,https://www.coursera.org/learn/algorithms-part1/lecture/0URQC/generics,42,https://www.coursera.org/learn/algorithms-part1/lecture/aJdPT/ordered-operations-in-bsts,generics,ordered operations in bsts,0
16,https://www.coursera.org/learn/algorithms-part1/lecture/0URQC/generics,43,https://www.coursera.org/learn/algorithms-part1/lecture/PWZAr/deletion-in-bsts,generics,deletion in bsts,0
16,https://www.coursera.org/learn/algorithms-part1/lecture/0URQC/generics,44,https://www.coursera.org/learn/algorithms-part1/lecture/wIUNW/2-3-search-trees,generics,search trees,0
16,https://www.coursera.org/learn/algorithms-part1/lecture/0URQC/generics,46,https://www.coursera.org/learn/algorithms-part1/lecture/HIlHd/b-trees-optional,generics,b trees optional,0
16,https://www.coursera.org/learn/algorithms-part1/lecture/0URQC/generics,47,https://www.coursera.org/learn/algorithms-part1/lecture/wSISD/1d-range-search,generics,1d range search,0
16,https://www.coursera.org/learn/algorithms-part1/lecture/0URQC/generics,48,https://www.coursera.org/learn/algorithms-part1/lecture/HeK99/line-segment-intersection,generics,line segment intersection,0
16,https://www.coursera.org/learn/algorithms-part1/lecture/0URQC/generics,49,https://www.coursera.org/learn/algorithms-part1/lecture/Yionu/kd-trees,generics,kd trees,0
16,https://www.coursera.org/learn/algorithms-part1/lecture/0URQC/generics,51,https://www.coursera.org/learn/algorithms-part1/lecture/mNiwq/rectangle-intersection,generics,rectangle intersection,0
16,https://www.coursera.org/learn/algorithms-part1/lecture/0URQC/generics,52,https://www.coursera.org/learn/algorithms-part1/lecture/CMLqa/hash-tables,generics,hash tables,0
16,https://www.coursera.org/learn/algorithms-part1/lecture/0URQC/generics,54,https://www.coursera.org/learn/algorithms-part1/lecture/He696/linear-probing,generics,linear probing,0
16,https://www.coursera.org/learn/algorithms-part1/lecture/0URQC/generics,56,https://www.coursera.org/learn/algorithms-part1/lecture/ewcSx/symbol-table-applications-sets-optional,generics,symbol table applications sets optional,0
17,https://www.coursera.org/learn/algorithms-part1/lecture/zGZE0/iterators,20,https://www.coursera.org/learn/algorithms-part1/lecture/VE0sv/selection-sort,iterators,selection sort,1
17,https://www.coursera.org/learn/algorithms-part1/lecture/zGZE0/iterators,21,https://www.coursera.org/learn/algorithms-part1/lecture/1hYlN/insertion-sort,iterators,insertion sort,1
17,https://www.coursera.org/learn/algorithms-part1/lecture/zGZE0/iterators,22,https://www.coursera.org/learn/algorithms-part1/lecture/zPYhF/shellsort,iterators,shellsort,1
17,https://www.coursera.org/learn/algorithms-part1/lecture/zGZE0/iterators,23,https://www.coursera.org/learn/algorithms-part1/lecture/12vcF/shuffling,iterators,shuffling,1
17,https://www.coursera.org/learn/algorithms-part1/lecture/zGZE0/iterators,24,https://www.coursera.org/learn/algorithms-part1/lecture/KHJ1t/convex-hull,iterators,convex hull,1
17,https://www.coursera.org/learn/algorithms-part1/lecture/zGZE0/iterators,25,https://www.coursera.org/learn/algorithms-part1/lecture/ARWDq/mergesort,iterators,mergesort,1
17,https://www.coursera.org/learn/algorithms-part1/lecture/zGZE0/iterators,27,https://www.coursera.org/learn/algorithms-part1/lecture/xAltF/sorting-complexity,iterators,sorting complexity,0
17,https://www.coursera.org/learn/algorithms-part1/lecture/zGZE0/iterators,29,https://www.coursera.org/learn/algorithms-part1/lecture/pvvLZ/stability,iterators,stability,0
17,https://www.coursera.org/learn/algorithms-part1/lecture/zGZE0/iterators,30,https://www.coursera.org/learn/algorithms-part1/lecture/vjvnC/quicksort,iterators,quicksort,1
17,https://www.coursera.org/learn/algorithms-part1/lecture/zGZE0/iterators,31,https://www.coursera.org/learn/algorithms-part1/lecture/UQxFT/selection,iterators,selection,0
17,https://www.coursera.org/learn/algorithms-part1/lecture/zGZE0/iterators,32,https://www.coursera.org/learn/algorithms-part1/lecture/XvjPd/duplicate-keys,iterators,duplicate keys,0
17,https://www.coursera.org/learn/algorithms-part1/lecture/zGZE0/iterators,36,https://www.coursera.org/learn/algorithms-part1/lecture/ZjoSM/heapsort,iterators,heapsort,0
17,https://www.coursera.org/learn/algorithms-part1/lecture/zGZE0/iterators,37,https://www.coursera.org/learn/algorithms-part1/lecture/QVhGs/event-driven-simulation-optional,iterators,event driven simulation optional,1
17,https://www.coursera.org/learn/algorithms-part1/lecture/zGZE0/iterators,38,https://www.coursera.org/learn/algorithms-part1/lecture/7WFvG/symbol-table-api,iterators,symbol table api,0
17,https://www.coursera.org/learn/algorithms-part1/lecture/zGZE0/iterators,39,https://www.coursera.org/learn/algorithms-part1/lecture/zkDUT/elementary-implementations,iterators,elementary implementations,0
17,https://www.coursera.org/learn/algorithms-part1/lecture/zGZE0/iterators,40,https://www.coursera.org/learn/algorithms-part1/lecture/VDp3O/ordered-operations,iterators,ordered operations,0
17,https://www.coursera.org/learn/algorithms-part1/lecture/zGZE0/iterators,41,https://www.coursera.org/learn/algorithms-part1/lecture/7An9B/binary-search-trees,iterators,binary search trees,1
17,https://www.coursera.org/learn/algorithms-part1/lecture/zGZE0/iterators,44,https://www.coursera.org/learn/algorithms-part1/lecture/wIUNW/2-3-search-trees,iterators,search trees,1
17,https://www.coursera.org/learn/algorithms-part1/lecture/zGZE0/iterators,48,https://www.coursera.org/learn/algorithms-part1/lecture/HeK99/line-segment-intersection,iterators,line segment intersection,1
17,https://www.coursera.org/learn/algorithms-part1/lecture/zGZE0/iterators,49,https://www.coursera.org/learn/algorithms-part1/lecture/Yionu/kd-trees,iterators,kd trees,1
17,https://www.coursera.org/learn/algorithms-part1/lecture/zGZE0/iterators,51,https://www.coursera.org/learn/algorithms-part1/lecture/mNiwq/rectangle-intersection,iterators,rectangle intersection,1
17,https://www.coursera.org/learn/algorithms-part1/lecture/zGZE0/iterators,52,https://www.coursera.org/learn/algorithms-part1/lecture/CMLqa/hash-tables,iterators,hash tables,1
17,https://www.coursera.org/learn/algorithms-part1/lecture/zGZE0/iterators,54,https://www.coursera.org/learn/algorithms-part1/lecture/He696/linear-probing,iterators,linear probing,abandon
17,https://www.coursera.org/learn/algorithms-part1/lecture/zGZE0/iterators,56,https://www.coursera.org/learn/algorithms-part1/lecture/ewcSx/symbol-table-applications-sets-optional,iterators,symbol table applications sets optional,0
18,https://www.coursera.org/learn/algorithms-part1/lecture/2Mbvz/stack-and-queue-applications-optional,21,https://www.coursera.org/learn/algorithms-part1/lecture/1hYlN/insertion-sort,stack and queue applications optional,insertion sort,0
18,https://www.coursera.org/learn/algorithms-part1/lecture/2Mbvz/stack-and-queue-applications-optional,23,https://www.coursera.org/learn/algorithms-part1/lecture/12vcF/shuffling,stack and queue applications optional,shuffling,0
18,https://www.coursera.org/learn/algorithms-part1/lecture/2Mbvz/stack-and-queue-applications-optional,29,https://www.coursera.org/learn/algorithms-part1/lecture/pvvLZ/stability,stack and queue applications optional,stability,0
18,https://www.coursera.org/learn/algorithms-part1/lecture/2Mbvz/stack-and-queue-applications-optional,40,https://www.coursera.org/learn/algorithms-part1/lecture/VDp3O/ordered-operations,stack and queue applications optional,ordered operations,0
18,https://www.coursera.org/learn/algorithms-part1/lecture/2Mbvz/stack-and-queue-applications-optional,41,https://www.coursera.org/learn/algorithms-part1/lecture/7An9B/binary-search-trees,stack and queue applications optional,binary search trees,0
18,https://www.coursera.org/learn/algorithms-part1/lecture/2Mbvz/stack-and-queue-applications-optional,52,https://www.coursera.org/learn/algorithms-part1/lecture/CMLqa/hash-tables,stack and queue applications optional,hash tables,0
18,https://www.coursera.org/learn/algorithms-part1/lecture/2Mbvz/stack-and-queue-applications-optional,56,https://www.coursera.org/learn/algorithms-part1/lecture/ewcSx/symbol-table-applications-sets-optional,stack and queue applications optional,symbol table applications sets optional,0
19,https://www.coursera.org/learn/algorithms-part1/lecture/JHpgy/sorting-introduction,21,https://www.coursera.org/learn/algorithms-part1/lecture/1hYlN/insertion-sort,sorting introduction,insertion sort,1
19,https://www.coursera.org/learn/algorithms-part1/lecture/JHpgy/sorting-introduction,29,https://www.coursera.org/learn/algorithms-part1/lecture/pvvLZ/stability,sorting introduction,stability,1
19,https://www.coursera.org/learn/algorithms-part1/lecture/JHpgy/sorting-introduction,40,https://www.coursera.org/learn/algorithms-part1/lecture/VDp3O/ordered-operations,sorting introduction,ordered operations,0
19,https://www.coursera.org/learn/algorithms-part1/lecture/JHpgy/sorting-introduction,41,https://www.coursera.org/learn/algorithms-part1/lecture/7An9B/binary-search-trees,sorting introduction,binary search trees,0
19,https://www.coursera.org/learn/algorithms-part1/lecture/JHpgy/sorting-introduction,43,https://www.coursera.org/learn/algorithms-part1/lecture/PWZAr/deletion-in-bsts,sorting introduction,deletion in bsts,0
19,https://www.coursera.org/learn/algorithms-part1/lecture/JHpgy/sorting-introduction,46,https://www.coursera.org/learn/algorithms-part1/lecture/HIlHd/b-trees-optional,sorting introduction,b trees optional,0
19,https://www.coursera.org/learn/algorithms-part1/lecture/JHpgy/sorting-introduction,56,https://www.coursera.org/learn/algorithms-part1/lecture/ewcSx/symbol-table-applications-sets-optional,sorting introduction,symbol table applications sets optional,0
20,https://www.coursera.org/learn/algorithms-part1/lecture/VE0sv/selection-sort,23,https://www.coursera.org/learn/algorithms-part1/lecture/12vcF/shuffling,selection sort,shuffling,abandon
20,https://www.coursera.org/learn/algorithms-part1/lecture/VE0sv/selection-sort,40,https://www.coursera.org/learn/algorithms-part1/lecture/VDp3O/ordered-operations,selection sort,ordered operations,0
20,https://www.coursera.org/learn/algorithms-part1/lecture/VE0sv/selection-sort,41,https://www.coursera.org/learn/algorithms-part1/lecture/7An9B/binary-search-trees,selection sort,binary search trees,0
20,https://www.coursera.org/learn/algorithms-part1/lecture/VE0sv/selection-sort,43,https://www.coursera.org/learn/algorithms-part1/lecture/PWZAr/deletion-in-bsts,selection sort,deletion in bsts,0
20,https://www.coursera.org/learn/algorithms-part1/lecture/VE0sv/selection-sort,46,https://www.coursera.org/learn/algorithms-part1/lecture/HIlHd/b-trees-optional,selection sort,b trees optional,0
20,https://www.coursera.org/learn/algorithms-part1/lecture/VE0sv/selection-sort,52,https://www.coursera.org/learn/algorithms-part1/lecture/CMLqa/hash-tables,selection sort,hash tables,0
20,https://www.coursera.org/learn/algorithms-part1/lecture/VE0sv/selection-sort,56,https://www.coursera.org/learn/algorithms-part1/lecture/ewcSx/symbol-table-applications-sets-optional,selection sort,symbol table applications sets optional,0
21,https://www.coursera.org/learn/algorithms-part1/lecture/1hYlN/insertion-sort,22,https://www.coursera.org/learn/algorithms-part1/lecture/zPYhF/shellsort,insertion sort,shellsort,1
21,https://www.coursera.org/learn/algorithms-part1/lecture/1hYlN/insertion-sort,23,https://www.coursera.org/learn/algorithms-part1/lecture/12vcF/shuffling,insertion sort,shuffling,1
21,https://www.coursera.org/learn/algorithms-part1/lecture/1hYlN/insertion-sort,24,https://www.coursera.org/learn/algorithms-part1/lecture/KHJ1t/convex-hull,insertion sort,convex hull,1
21,https://www.coursera.org/learn/algorithms-part1/lecture/1hYlN/insertion-sort,25,https://www.coursera.org/learn/algorithms-part1/lecture/ARWDq/mergesort,insertion sort,mergesort,1
21,https://www.coursera.org/learn/algorithms-part1/lecture/1hYlN/insertion-sort,27,https://www.coursera.org/learn/algorithms-part1/lecture/xAltF/sorting-complexity,insertion sort,sorting complexity,0
21,https://www.coursera.org/learn/algorithms-part1/lecture/1hYlN/insertion-sort,28,https://www.coursera.org/learn/algorithms-part1/lecture/9FYhS/comparators,insertion sort,comparators,0
21,https://www.coursera.org/learn/algorithms-part1/lecture/1hYlN/insertion-sort,30,https://www.coursera.org/learn/algorithms-part1/lecture/vjvnC/quicksort,insertion sort,quicksort,1
21,https://www.coursera.org/learn/algorithms-part1/lecture/1hYlN/insertion-sort,31,https://www.coursera.org/learn/algorithms-part1/lecture/UQxFT/selection,insertion sort,selection,0
21,https://www.coursera.org/learn/algorithms-part1/lecture/1hYlN/insertion-sort,32,https://www.coursera.org/learn/algorithms-part1/lecture/XvjPd/duplicate-keys,insertion sort,duplicate keys,0
21,https://www.coursera.org/learn/algorithms-part1/lecture/1hYlN/insertion-sort,34,https://www.coursera.org/learn/algorithms-part1/lecture/A3kA3/apis-and-elementary-implementations,insertion sort,apis and elementary implementations,0
21,https://www.coursera.org/learn/algorithms-part1/lecture/1hYlN/insertion-sort,35,https://www.coursera.org/learn/algorithms-part1/lecture/Uzwy6/binary-heaps,insertion sort,binary heaps,0
21,https://www.coursera.org/learn/algorithms-part1/lecture/1hYlN/insertion-sort,36,https://www.coursera.org/learn/algorithms-part1/lecture/ZjoSM/heapsort,insertion sort,heapsort,1
21,https://www.coursera.org/learn/algorithms-part1/lecture/1hYlN/insertion-sort,37,https://www.coursera.org/learn/algorithms-part1/lecture/QVhGs/event-driven-simulation-optional,insertion sort,event driven simulation optional,0
21,https://www.coursera.org/learn/algorithms-part1/lecture/1hYlN/insertion-sort,38,https://www.coursera.org/learn/algorithms-part1/lecture/7WFvG/symbol-table-api,insertion sort,symbol table api,0
21,https://www.coursera.org/learn/algorithms-part1/lecture/1hYlN/insertion-sort,39,https://www.coursera.org/learn/algorithms-part1/lecture/zkDUT/elementary-implementations,insertion sort,elementary implementations,0
21,https://www.coursera.org/learn/algorithms-part1/lecture/1hYlN/insertion-sort,40,https://www.coursera.org/learn/algorithms-part1/lecture/VDp3O/ordered-operations,insertion sort,ordered operations,0
21,https://www.coursera.org/learn/algorithms-part1/lecture/1hYlN/insertion-sort,41,https://www.coursera.org/learn/algorithms-part1/lecture/7An9B/binary-search-trees,insertion sort,binary search trees,0
21,https://www.coursera.org/learn/algorithms-part1/lecture/1hYlN/insertion-sort,42,https://www.coursera.org/learn/algorithms-part1/lecture/aJdPT/ordered-operations-in-bsts,insertion sort,ordered operations in bsts,0
21,https://www.coursera.org/learn/algorithms-part1/lecture/1hYlN/insertion-sort,43,https://www.coursera.org/learn/algorithms-part1/lecture/PWZAr/deletion-in-bsts,insertion sort,deletion in bsts,0
21,https://www.coursera.org/learn/algorithms-part1/lecture/1hYlN/insertion-sort,44,https://www.coursera.org/learn/algorithms-part1/lecture/wIUNW/2-3-search-trees,insertion sort,search trees,0
21,https://www.coursera.org/learn/algorithms-part1/lecture/1hYlN/insertion-sort,46,https://www.coursera.org/learn/algorithms-part1/lecture/HIlHd/b-trees-optional,insertion sort,b trees optional,0
21,https://www.coursera.org/learn/algorithms-part1/lecture/1hYlN/insertion-sort,47,https://www.coursera.org/learn/algorithms-part1/lecture/wSISD/1d-range-search,insertion sort,1d range search,0
21,https://www.coursera.org/learn/algorithms-part1/lecture/1hYlN/insertion-sort,48,https://www.coursera.org/learn/algorithms-part1/lecture/HeK99/line-segment-intersection,insertion sort,line segment intersection,0
21,https://www.coursera.org/learn/algorithms-part1/lecture/1hYlN/insertion-sort,49,https://www.coursera.org/learn/algorithms-part1/lecture/Yionu/kd-trees,insertion sort,kd trees,0
21,https://www.coursera.org/learn/algorithms-part1/lecture/1hYlN/insertion-sort,51,https://www.coursera.org/learn/algorithms-part1/lecture/mNiwq/rectangle-intersection,insertion sort,rectangle intersection,0
21,https://www.coursera.org/learn/algorithms-part1/lecture/1hYlN/insertion-sort,52,https://www.coursera.org/learn/algorithms-part1/lecture/CMLqa/hash-tables,insertion sort,hash tables,0
21,https://www.coursera.org/learn/algorithms-part1/lecture/1hYlN/insertion-sort,54,https://www.coursera.org/learn/algorithms-part1/lecture/He696/linear-probing,insertion sort,linear probing,0
21,https://www.coursera.org/learn/algorithms-part1/lecture/1hYlN/insertion-sort,56,https://www.coursera.org/learn/algorithms-part1/lecture/ewcSx/symbol-table-applications-sets-optional,insertion sort,symbol table applications sets optional,0
22,https://www.coursera.org/learn/algorithms-part1/lecture/zPYhF/shellsort,29,https://www.coursera.org/learn/algorithms-part1/lecture/pvvLZ/stability,shellsort,stability,0
22,https://www.coursera.org/learn/algorithms-part1/lecture/zPYhF/shellsort,40,https://www.coursera.org/learn/algorithms-part1/lecture/VDp3O/ordered-operations,shellsort,ordered operations,0
22,https://www.coursera.org/learn/algorithms-part1/lecture/zPYhF/shellsort,41,https://www.coursera.org/learn/algorithms-part1/lecture/7An9B/binary-search-trees,shellsort,binary search trees,0
22,https://www.coursera.org/learn/algorithms-part1/lecture/zPYhF/shellsort,43,https://www.coursera.org/learn/algorithms-part1/lecture/PWZAr/deletion-in-bsts,shellsort,deletion in bsts,0
22,https://www.coursera.org/learn/algorithms-part1/lecture/zPYhF/shellsort,46,https://www.coursera.org/learn/algorithms-part1/lecture/HIlHd/b-trees-optional,shellsort,b trees optional,0
22,https://www.coursera.org/learn/algorithms-part1/lecture/zPYhF/shellsort,56,https://www.coursera.org/learn/algorithms-part1/lecture/ewcSx/symbol-table-applications-sets-optional,shellsort,symbol table applications sets optional,0
23,https://www.coursera.org/learn/algorithms-part1/lecture/12vcF/shuffling,24,https://www.coursera.org/learn/algorithms-part1/lecture/KHJ1t/convex-hull,shuffling,convex hull,0
23,https://www.coursera.org/learn/algorithms-part1/lecture/12vcF/shuffling,25,https://www.coursera.org/learn/algorithms-part1/lecture/ARWDq/mergesort,shuffling,mergesort,0
23,https://www.coursera.org/learn/algorithms-part1/lecture/12vcF/shuffling,27,https://www.coursera.org/learn/algorithms-part1/lecture/xAltF/sorting-complexity,shuffling,sorting complexity,0
23,https://www.coursera.org/learn/algorithms-part1/lecture/12vcF/shuffling,28,https://www.coursera.org/learn/algorithms-part1/lecture/9FYhS/comparators,shuffling,comparators,0
23,https://www.coursera.org/learn/algorithms-part1/lecture/12vcF/shuffling,29,https://www.coursera.org/learn/algorithms-part1/lecture/pvvLZ/stability,shuffling,stability,0
23,https://www.coursera.org/learn/algorithms-part1/lecture/12vcF/shuffling,30,https://www.coursera.org/learn/algorithms-part1/lecture/vjvnC/quicksort,shuffling,quicksort,0
23,https://www.coursera.org/learn/algorithms-part1/lecture/12vcF/shuffling,31,https://www.coursera.org/learn/algorithms-part1/lecture/UQxFT/selection,shuffling,selection,0
23,https://www.coursera.org/learn/algorithms-part1/lecture/12vcF/shuffling,32,https://www.coursera.org/learn/algorithms-part1/lecture/XvjPd/duplicate-keys,shuffling,duplicate keys,0
23,https://www.coursera.org/learn/algorithms-part1/lecture/12vcF/shuffling,34,https://www.coursera.org/learn/algorithms-part1/lecture/A3kA3/apis-and-elementary-implementations,shuffling,apis and elementary implementations,0
23,https://www.coursera.org/learn/algorithms-part1/lecture/12vcF/shuffling,35,https://www.coursera.org/learn/algorithms-part1/lecture/Uzwy6/binary-heaps,shuffling,binary heaps,0
23,https://www.coursera.org/learn/algorithms-part1/lecture/12vcF/shuffling,36,https://www.coursera.org/learn/algorithms-part1/lecture/ZjoSM/heapsort,shuffling,heapsort,0
23,https://www.coursera.org/learn/algorithms-part1/lecture/12vcF/shuffling,37,https://www.coursera.org/learn/algorithms-part1/lecture/QVhGs/event-driven-simulation-optional,shuffling,event driven simulation optional,0
23,https://www.coursera.org/learn/algorithms-part1/lecture/12vcF/shuffling,39,https://www.coursera.org/learn/algorithms-part1/lecture/zkDUT/elementary-implementations,shuffling,elementary implementations,0
23,https://www.coursera.org/learn/algorithms-part1/lecture/12vcF/shuffling,40,https://www.coursera.org/learn/algorithms-part1/lecture/VDp3O/ordered-operations,shuffling,ordered operations,0
23,https://www.coursera.org/learn/algorithms-part1/lecture/12vcF/shuffling,41,https://www.coursera.org/learn/algorithms-part1/lecture/7An9B/binary-search-trees,shuffling,binary search trees,0
23,https://www.coursera.org/learn/algorithms-part1/lecture/12vcF/shuffling,42,https://www.coursera.org/learn/algorithms-part1/lecture/aJdPT/ordered-operations-in-bsts,shuffling,ordered operations in bsts,0
23,https://www.coursera.org/learn/algorithms-part1/lecture/12vcF/shuffling,43,https://www.coursera.org/learn/algorithms-part1/lecture/PWZAr/deletion-in-bsts,shuffling,deletion in bsts,0
23,https://www.coursera.org/learn/algorithms-part1/lecture/12vcF/shuffling,44,https://www.coursera.org/learn/algorithms-part1/lecture/wIUNW/2-3-search-trees,shuffling,search trees,0
23,https://www.coursera.org/learn/algorithms-part1/lecture/12vcF/shuffling,46,https://www.coursera.org/learn/algorithms-part1/lecture/HIlHd/b-trees-optional,shuffling,b trees optional,0
23,https://www.coursera.org/learn/algorithms-part1/lecture/12vcF/shuffling,47,https://www.coursera.org/learn/algorithms-part1/lecture/wSISD/1d-range-search,shuffling,1d range search,0
23,https://www.coursera.org/learn/algorithms-part1/lecture/12vcF/shuffling,48,https://www.coursera.org/learn/algorithms-part1/lecture/HeK99/line-segment-intersection,shuffling,line segment intersection,0
23,https://www.coursera.org/learn/algorithms-part1/lecture/12vcF/shuffling,49,https://www.coursera.org/learn/algorithms-part1/lecture/Yionu/kd-trees,shuffling,kd trees,0
23,https://www.coursera.org/learn/algorithms-part1/lecture/12vcF/shuffling,51,https://www.coursera.org/learn/algorithms-part1/lecture/mNiwq/rectangle-intersection,shuffling,rectangle intersection,0
23,https://www.coursera.org/learn/algorithms-part1/lecture/12vcF/shuffling,54,https://www.coursera.org/learn/algorithms-part1/lecture/He696/linear-probing,shuffling,linear probing,0
23,https://www.coursera.org/learn/algorithms-part1/lecture/12vcF/shuffling,56,https://www.coursera.org/learn/algorithms-part1/lecture/ewcSx/symbol-table-applications-sets-optional,shuffling,symbol table applications sets optional,0
24,https://www.coursera.org/learn/algorithms-part1/lecture/KHJ1t/convex-hull,29,https://www.coursera.org/learn/algorithms-part1/lecture/pvvLZ/stability,convex hull,stability,0
24,https://www.coursera.org/learn/algorithms-part1/lecture/KHJ1t/convex-hull,40,https://www.coursera.org/learn/algorithms-part1/lecture/VDp3O/ordered-operations,convex hull,ordered operations,0
24,https://www.coursera.org/learn/algorithms-part1/lecture/KHJ1t/convex-hull,41,https://www.coursera.org/learn/algorithms-part1/lecture/7An9B/binary-search-trees,convex hull,binary search trees,0
24,https://www.coursera.org/learn/algorithms-part1/lecture/KHJ1t/convex-hull,43,https://www.coursera.org/learn/algorithms-part1/lecture/PWZAr/deletion-in-bsts,convex hull,deletion in bsts,0
24,https://www.coursera.org/learn/algorithms-part1/lecture/KHJ1t/convex-hull,46,https://www.coursera.org/learn/algorithms-part1/lecture/HIlHd/b-trees-optional,convex hull,b trees optional,0
24,https://www.coursera.org/learn/algorithms-part1/lecture/KHJ1t/convex-hull,52,https://www.coursera.org/learn/algorithms-part1/lecture/CMLqa/hash-tables,convex hull,hash tables,0
24,https://www.coursera.org/learn/algorithms-part1/lecture/KHJ1t/convex-hull,56,https://www.coursera.org/learn/algorithms-part1/lecture/ewcSx/symbol-table-applications-sets-optional,convex hull,symbol table applications sets optional,0
25,https://www.coursera.org/learn/algorithms-part1/lecture/ARWDq/mergesort,40,https://www.coursera.org/learn/algorithms-part1/lecture/VDp3O/ordered-operations,mergesort,ordered operations,0
25,https://www.coursera.org/learn/algorithms-part1/lecture/ARWDq/mergesort,41,https://www.coursera.org/learn/algorithms-part1/lecture/7An9B/binary-search-trees,mergesort,binary search trees,0
25,https://www.coursera.org/learn/algorithms-part1/lecture/ARWDq/mergesort,43,https://www.coursera.org/learn/algorithms-part1/lecture/PWZAr/deletion-in-bsts,mergesort,deletion in bsts,0
25,https://www.coursera.org/learn/algorithms-part1/lecture/ARWDq/mergesort,46,https://www.coursera.org/learn/algorithms-part1/lecture/HIlHd/b-trees-optional,mergesort,b trees optional,0
25,https://www.coursera.org/learn/algorithms-part1/lecture/ARWDq/mergesort,52,https://www.coursera.org/learn/algorithms-part1/lecture/CMLqa/hash-tables,mergesort,hash tables,0
25,https://www.coursera.org/learn/algorithms-part1/lecture/ARWDq/mergesort,56,https://www.coursera.org/learn/algorithms-part1/lecture/ewcSx/symbol-table-applications-sets-optional,mergesort,symbol table applications sets optional,0
27,https://www.coursera.org/learn/algorithms-part1/lecture/xAltF/sorting-complexity,40,https://www.coursera.org/learn/algorithms-part1/lecture/VDp3O/ordered-operations,sorting complexity,ordered operations,1
27,https://www.coursera.org/learn/algorithms-part1/lecture/xAltF/sorting-complexity,41,https://www.coursera.org/learn/algorithms-part1/lecture/7An9B/binary-search-trees,sorting complexity,binary search trees,1
27,https://www.coursera.org/learn/algorithms-part1/lecture/xAltF/sorting-complexity,43,https://www.coursera.org/learn/algorithms-part1/lecture/PWZAr/deletion-in-bsts,sorting complexity,deletion in bsts,0
27,https://www.coursera.org/learn/algorithms-part1/lecture/xAltF/sorting-complexity,46,https://www.coursera.org/learn/algorithms-part1/lecture/HIlHd/b-trees-optional,sorting complexity,b trees optional,0
27,https://www.coursera.org/learn/algorithms-part1/lecture/xAltF/sorting-complexity,52,https://www.coursera.org/learn/algorithms-part1/lecture/CMLqa/hash-tables,sorting complexity,hash tables,1
28,https://www.coursera.org/learn/algorithms-part1/lecture/9FYhS/comparators,29,https://www.coursera.org/learn/algorithms-part1/lecture/pvvLZ/stability,comparators,stability,1
28,https://www.coursera.org/learn/algorithms-part1/lecture/9FYhS/comparators,40,https://www.coursera.org/learn/algorithms-part1/lecture/VDp3O/ordered-operations,comparators,ordered operations,0
28,https://www.coursera.org/learn/algorithms-part1/lecture/9FYhS/comparators,41,https://www.coursera.org/learn/algorithms-part1/lecture/7An9B/binary-search-trees,comparators,binary search trees,0
28,https://www.coursera.org/learn/algorithms-part1/lecture/9FYhS/comparators,43,https://www.coursera.org/learn/algorithms-part1/lecture/PWZAr/deletion-in-bsts,comparators,deletion in bsts,0
28,https://www.coursera.org/learn/algorithms-part1/lecture/9FYhS/comparators,46,https://www.coursera.org/learn/algorithms-part1/lecture/HIlHd/b-trees-optional,comparators,b trees optional,0
28,https://www.coursera.org/learn/algorithms-part1/lecture/9FYhS/comparators,52,https://www.coursera.org/learn/algorithms-part1/lecture/CMLqa/hash-tables,comparators,hash tables,0
28,https://www.coursera.org/learn/algorithms-part1/lecture/9FYhS/comparators,56,https://www.coursera.org/learn/algorithms-part1/lecture/ewcSx/symbol-table-applications-sets-optional,comparators,symbol table applications sets optional,0
29,https://www.coursera.org/learn/algorithms-part1/lecture/pvvLZ/stability,30,https://www.coursera.org/learn/algorithms-part1/lecture/vjvnC/quicksort,stability,quicksort,1
29,https://www.coursera.org/learn/algorithms-part1/lecture/pvvLZ/stability,31,https://www.coursera.org/learn/algorithms-part1/lecture/UQxFT/selection,stability,selection,1
29,https://www.coursera.org/learn/algorithms-part1/lecture/pvvLZ/stability,32,https://www.coursera.org/learn/algorithms-part1/lecture/XvjPd/duplicate-keys,stability,duplicate keys,1
29,https://www.coursera.org/learn/algorithms-part1/lecture/pvvLZ/stability,34,https://www.coursera.org/learn/algorithms-part1/lecture/A3kA3/apis-and-elementary-implementations,stability,apis and elementary implementations,0
29,https://www.coursera.org/learn/algorithms-part1/lecture/pvvLZ/stability,35,https://www.coursera.org/learn/algorithms-part1/lecture/Uzwy6/binary-heaps,stability,binary heaps,0
29,https://www.coursera.org/learn/algorithms-part1/lecture/pvvLZ/stability,36,https://www.coursera.org/learn/algorithms-part1/lecture/ZjoSM/heapsort,stability,heapsort,1
29,https://www.coursera.org/learn/algorithms-part1/lecture/pvvLZ/stability,37,https://www.coursera.org/learn/algorithms-part1/lecture/QVhGs/event-driven-simulation-optional,stability,event driven simulation optional,0
29,https://www.coursera.org/learn/algorithms-part1/lecture/pvvLZ/stability,38,https://www.coursera.org/learn/algorithms-part1/lecture/7WFvG/symbol-table-api,stability,symbol table api,0
29,https://www.coursera.org/learn/algorithms-part1/lecture/pvvLZ/stability,39,https://www.coursera.org/learn/algorithms-part1/lecture/zkDUT/elementary-implementations,stability,elementary implementations,0
29,https://www.coursera.org/learn/algorithms-part1/lecture/pvvLZ/stability,40,https://www.coursera.org/learn/algorithms-part1/lecture/VDp3O/ordered-operations,stability,ordered operations,0
29,https://www.coursera.org/learn/algorithms-part1/lecture/pvvLZ/stability,41,https://www.coursera.org/learn/algorithms-part1/lecture/7An9B/binary-search-trees,stability,binary search trees,0
29,https://www.coursera.org/learn/algorithms-part1/lecture/pvvLZ/stability,42,https://www.coursera.org/learn/algorithms-part1/lecture/aJdPT/ordered-operations-in-bsts,stability,ordered operations in bsts,0
29,https://www.coursera.org/learn/algorithms-part1/lecture/pvvLZ/stability,43,https://www.coursera.org/learn/algorithms-part1/lecture/PWZAr/deletion-in-bsts,stability,deletion in bsts,0
29,https://www.coursera.org/learn/algorithms-part1/lecture/pvvLZ/stability,44,https://www.coursera.org/learn/algorithms-part1/lecture/wIUNW/2-3-search-trees,stability,search trees,0
29,https://www.coursera.org/learn/algorithms-part1/lecture/pvvLZ/stability,46,https://www.coursera.org/learn/algorithms-part1/lecture/HIlHd/b-trees-optional,stability,b trees optional,0
29,https://www.coursera.org/learn/algorithms-part1/lecture/pvvLZ/stability,47,https://www.coursera.org/learn/algorithms-part1/lecture/wSISD/1d-range-search,stability,1d range search,0
29,https://www.coursera.org/learn/algorithms-part1/lecture/pvvLZ/stability,48,https://www.coursera.org/learn/algorithms-part1/lecture/HeK99/line-segment-intersection,stability,line segment intersection,0
29,https://www.coursera.org/learn/algorithms-part1/lecture/pvvLZ/stability,49,https://www.coursera.org/learn/algorithms-part1/lecture/Yionu/kd-trees,stability,kd trees,0
29,https://www.coursera.org/learn/algorithms-part1/lecture/pvvLZ/stability,51,https://www.coursera.org/learn/algorithms-part1/lecture/mNiwq/rectangle-intersection,stability,rectangle intersection,0
29,https://www.coursera.org/learn/algorithms-part1/lecture/pvvLZ/stability,52,https://www.coursera.org/learn/algorithms-part1/lecture/CMLqa/hash-tables,stability,hash tables,0
29,https://www.coursera.org/learn/algorithms-part1/lecture/pvvLZ/stability,54,https://www.coursera.org/learn/algorithms-part1/lecture/He696/linear-probing,stability,linear probing,0
29,https://www.coursera.org/learn/algorithms-part1/lecture/pvvLZ/stability,56,https://www.coursera.org/learn/algorithms-part1/lecture/ewcSx/symbol-table-applications-sets-optional,stability,symbol table applications sets optional,0
30,https://www.coursera.org/learn/algorithms-part1/lecture/vjvnC/quicksort,40,https://www.coursera.org/learn/algorithms-part1/lecture/VDp3O/ordered-operations,quicksort,ordered operations,abandon
30,https://www.coursera.org/learn/algorithms-part1/lecture/vjvnC/quicksort,41,https://www.coursera.org/learn/algorithms-part1/lecture/7An9B/binary-search-trees,quicksort,binary search trees,0
30,https://www.coursera.org/learn/algorithms-part1/lecture/vjvnC/quicksort,43,https://www.coursera.org/learn/algorithms-part1/lecture/PWZAr/deletion-in-bsts,quicksort,deletion in bsts,0
30,https://www.coursera.org/learn/algorithms-part1/lecture/vjvnC/quicksort,46,https://www.coursera.org/learn/algorithms-part1/lecture/HIlHd/b-trees-optional,quicksort,b trees optional,0
30,https://www.coursera.org/learn/algorithms-part1/lecture/vjvnC/quicksort,52,https://www.coursera.org/learn/algorithms-part1/lecture/CMLqa/hash-tables,quicksort,hash tables,0
30,https://www.coursera.org/learn/algorithms-part1/lecture/vjvnC/quicksort,56,https://www.coursera.org/learn/algorithms-part1/lecture/ewcSx/symbol-table-applications-sets-optional,quicksort,symbol table applications sets optional,0
31,https://www.coursera.org/learn/algorithms-part1/lecture/UQxFT/selection,40,https://www.coursera.org/learn/algorithms-part1/lecture/VDp3O/ordered-operations,selection,ordered operations,0
31,https://www.coursera.org/learn/algorithms-part1/lecture/UQxFT/selection,41,https://www.coursera.org/learn/algorithms-part1/lecture/7An9B/binary-search-trees,selection,binary search trees,0
31,https://www.coursera.org/learn/algorithms-part1/lecture/UQxFT/selection,43,https://www.coursera.org/learn/algorithms-part1/lecture/PWZAr/deletion-in-bsts,selection,deletion in bsts,0
31,https://www.coursera.org/learn/algorithms-part1/lecture/UQxFT/selection,46,https://www.coursera.org/learn/algorithms-part1/lecture/HIlHd/b-trees-optional,selection,b trees optional,0
31,https://www.coursera.org/learn/algorithms-part1/lecture/UQxFT/selection,52,https://www.coursera.org/learn/algorithms-part1/lecture/CMLqa/hash-tables,selection,hash tables,0
31,https://www.coursera.org/learn/algorithms-part1/lecture/UQxFT/selection,56,https://www.coursera.org/learn/algorithms-part1/lecture/ewcSx/symbol-table-applications-sets-optional,selection,symbol table applications sets optional,0
32,https://www.coursera.org/learn/algorithms-part1/lecture/XvjPd/duplicate-keys,40,https://www.coursera.org/learn/algorithms-part1/lecture/VDp3O/ordered-operations,duplicate keys,ordered operations,0
32,https://www.coursera.org/learn/algorithms-part1/lecture/XvjPd/duplicate-keys,41,https://www.coursera.org/learn/algorithms-part1/lecture/7An9B/binary-search-trees,duplicate keys,binary search trees,0
32,https://www.coursera.org/learn/algorithms-part1/lecture/XvjPd/duplicate-keys,43,https://www.coursera.org/learn/algorithms-part1/lecture/PWZAr/deletion-in-bsts,duplicate keys,deletion in bsts,0
32,https://www.coursera.org/learn/algorithms-part1/lecture/XvjPd/duplicate-keys,46,https://www.coursera.org/learn/algorithms-part1/lecture/HIlHd/b-trees-optional,duplicate keys,b trees optional,0
32,https://www.coursera.org/learn/algorithms-part1/lecture/XvjPd/duplicate-keys,52,https://www.coursera.org/learn/algorithms-part1/lecture/CMLqa/hash-tables,duplicate keys,hash tables,0
32,https://www.coursera.org/learn/algorithms-part1/lecture/XvjPd/duplicate-keys,56,https://www.coursera.org/learn/algorithms-part1/lecture/ewcSx/symbol-table-applications-sets-optional,duplicate keys,symbol table applications sets optional,0
34,https://www.coursera.org/learn/algorithms-part1/lecture/A3kA3/apis-and-elementary-implementations,40,https://www.coursera.org/learn/algorithms-part1/lecture/VDp3O/ordered-operations,apis and elementary implementations,ordered operations,0
34,https://www.coursera.org/learn/algorithms-part1/lecture/A3kA3/apis-and-elementary-implementations,41,https://www.coursera.org/learn/algorithms-part1/lecture/7An9B/binary-search-trees,apis and elementary implementations,binary search trees,0
34,https://www.coursera.org/learn/algorithms-part1/lecture/A3kA3/apis-and-elementary-implementations,52,https://www.coursera.org/learn/algorithms-part1/lecture/CMLqa/hash-tables,apis and elementary implementations,hash tables,0
35,https://www.coursera.org/learn/algorithms-part1/lecture/Uzwy6/binary-heaps,40,https://www.coursera.org/learn/algorithms-part1/lecture/VDp3O/ordered-operations,binary heaps,ordered operations,0
35,https://www.coursera.org/learn/algorithms-part1/lecture/Uzwy6/binary-heaps,41,https://www.coursera.org/learn/algorithms-part1/lecture/7An9B/binary-search-trees,binary heaps,binary search trees,1
35,https://www.coursera.org/learn/algorithms-part1/lecture/Uzwy6/binary-heaps,52,https://www.coursera.org/learn/algorithms-part1/lecture/CMLqa/hash-tables,binary heaps,hash tables,0
35,https://www.coursera.org/learn/algorithms-part1/lecture/Uzwy6/binary-heaps,56,https://www.coursera.org/learn/algorithms-part1/lecture/ewcSx/symbol-table-applications-sets-optional,binary heaps,symbol table applications sets optional,0
36,https://www.coursera.org/learn/algorithms-part1/lecture/ZjoSM/heapsort,40,https://www.coursera.org/learn/algorithms-part1/lecture/VDp3O/ordered-operations,heapsort,ordered operations,0
36,https://www.coursera.org/learn/algorithms-part1/lecture/ZjoSM/heapsort,41,https://www.coursera.org/learn/algorithms-part1/lecture/7An9B/binary-search-trees,heapsort,binary search trees,1
36,https://www.coursera.org/learn/algorithms-part1/lecture/ZjoSM/heapsort,43,https://www.coursera.org/learn/algorithms-part1/lecture/PWZAr/deletion-in-bsts,heapsort,deletion in bsts,0
36,https://www.coursera.org/learn/algorithms-part1/lecture/ZjoSM/heapsort,46,https://www.coursera.org/learn/algorithms-part1/lecture/HIlHd/b-trees-optional,heapsort,b trees optional,0
36,https://www.coursera.org/learn/algorithms-part1/lecture/ZjoSM/heapsort,52,https://www.coursera.org/learn/algorithms-part1/lecture/CMLqa/hash-tables,heapsort,hash tables,0
36,https://www.coursera.org/learn/algorithms-part1/lecture/ZjoSM/heapsort,56,https://www.coursera.org/learn/algorithms-part1/lecture/ewcSx/symbol-table-applications-sets-optional,heapsort,symbol table applications sets optional,0
37,https://www.coursera.org/learn/algorithms-part1/lecture/QVhGs/event-driven-simulation-optional,40,https://www.coursera.org/learn/algorithms-part1/lecture/VDp3O/ordered-operations,event driven simulation optional,ordered operations,0
37,https://www.coursera.org/learn/algorithms-part1/lecture/QVhGs/event-driven-simulation-optional,41,https://www.coursera.org/learn/algorithms-part1/lecture/7An9B/binary-search-trees,event driven simulation optional,binary search trees,0
37,https://www.coursera.org/learn/algorithms-part1/lecture/QVhGs/event-driven-simulation-optional,43,https://www.coursera.org/learn/algorithms-part1/lecture/PWZAr/deletion-in-bsts,event driven simulation optional,deletion in bsts,0
37,https://www.coursera.org/learn/algorithms-part1/lecture/QVhGs/event-driven-simulation-optional,46,https://www.coursera.org/learn/algorithms-part1/lecture/HIlHd/b-trees-optional,event driven simulation optional,b trees optional,0
37,https://www.coursera.org/learn/algorithms-part1/lecture/QVhGs/event-driven-simulation-optional,52,https://www.coursera.org/learn/algorithms-part1/lecture/CMLqa/hash-tables,event driven simulation optional,hash tables,0
38,https://www.coursera.org/learn/algorithms-part1/lecture/7WFvG/symbol-table-api,40,https://www.coursera.org/learn/algorithms-part1/lecture/VDp3O/ordered-operations,symbol table api,ordered operations,1
38,https://www.coursera.org/learn/algorithms-part1/lecture/7WFvG/symbol-table-api,41,https://www.coursera.org/learn/algorithms-part1/lecture/7An9B/binary-search-trees,symbol table api,binary search trees,1
38,https://www.coursera.org/learn/algorithms-part1/lecture/7WFvG/symbol-table-api,43,https://www.coursera.org/learn/algorithms-part1/lecture/PWZAr/deletion-in-bsts,symbol table api,deletion in bsts,1
38,https://www.coursera.org/learn/algorithms-part1/lecture/7WFvG/symbol-table-api,46,https://www.coursera.org/learn/algorithms-part1/lecture/HIlHd/b-trees-optional,symbol table api,b trees optional,0
39,https://www.coursera.org/learn/algorithms-part1/lecture/zkDUT/elementary-implementations,40,https://www.coursera.org/learn/algorithms-part1/lecture/VDp3O/ordered-operations,elementary implementations,ordered operations,1
39,https://www.coursera.org/learn/algorithms-part1/lecture/zkDUT/elementary-implementations,41,https://www.coursera.org/learn/algorithms-part1/lecture/7An9B/binary-search-trees,elementary implementations,binary search trees,1
39,https://www.coursera.org/learn/algorithms-part1/lecture/zkDUT/elementary-implementations,43,https://www.coursera.org/learn/algorithms-part1/lecture/PWZAr/deletion-in-bsts,elementary implementations,deletion in bsts,1
39,https://www.coursera.org/learn/algorithms-part1/lecture/zkDUT/elementary-implementations,46,https://www.coursera.org/learn/algorithms-part1/lecture/HIlHd/b-trees-optional,elementary implementations,b trees optional,0
39,https://www.coursera.org/learn/algorithms-part1/lecture/zkDUT/elementary-implementations,52,https://www.coursera.org/learn/algorithms-part1/lecture/CMLqa/hash-tables,elementary implementations,hash tables,0
40,https://www.coursera.org/learn/algorithms-part1/lecture/VDp3O/ordered-operations,41,https://www.coursera.org/learn/algorithms-part1/lecture/7An9B/binary-search-trees,ordered operations,binary search trees,1
40,https://www.coursera.org/learn/algorithms-part1/lecture/VDp3O/ordered-operations,42,https://www.coursera.org/learn/algorithms-part1/lecture/aJdPT/ordered-operations-in-bsts,ordered operations,ordered operations in bsts,1
40,https://www.coursera.org/learn/algorithms-part1/lecture/VDp3O/ordered-operations,43,https://www.coursera.org/learn/algorithms-part1/lecture/PWZAr/deletion-in-bsts,ordered operations,deletion in bsts,0
40,https://www.coursera.org/learn/algorithms-part1/lecture/VDp3O/ordered-operations,44,https://www.coursera.org/learn/algorithms-part1/lecture/wIUNW/2-3-search-trees,ordered operations,search trees,1
40,https://www.coursera.org/learn/algorithms-part1/lecture/VDp3O/ordered-operations,46,https://www.coursera.org/learn/algorithms-part1/lecture/HIlHd/b-trees-optional,ordered operations,b trees optional,0
40,https://www.coursera.org/learn/algorithms-part1/lecture/VDp3O/ordered-operations,47,https://www.coursera.org/learn/algorithms-part1/lecture/wSISD/1d-range-search,ordered operations,1d range search,0
40,https://www.coursera.org/learn/algorithms-part1/lecture/VDp3O/ordered-operations,48,https://www.coursera.org/learn/algorithms-part1/lecture/HeK99/line-segment-intersection,ordered operations,line segment intersection,0
40,https://www.coursera.org/learn/algorithms-part1/lecture/VDp3O/ordered-operations,49,https://www.coursera.org/learn/algorithms-part1/lecture/Yionu/kd-trees,ordered operations,kd trees,0
40,https://www.coursera.org/learn/algorithms-part1/lecture/VDp3O/ordered-operations,51,https://www.coursera.org/learn/algorithms-part1/lecture/mNiwq/rectangle-intersection,ordered operations,rectangle intersection,0
40,https://www.coursera.org/learn/algorithms-part1/lecture/VDp3O/ordered-operations,52,https://www.coursera.org/learn/algorithms-part1/lecture/CMLqa/hash-tables,ordered operations,hash tables,0
40,https://www.coursera.org/learn/algorithms-part1/lecture/VDp3O/ordered-operations,54,https://www.coursera.org/learn/algorithms-part1/lecture/He696/linear-probing,ordered operations,linear probing,0
40,https://www.coursera.org/learn/algorithms-part1/lecture/VDp3O/ordered-operations,56,https://www.coursera.org/learn/algorithms-part1/lecture/ewcSx/symbol-table-applications-sets-optional,ordered operations,symbol table applications sets optional,0
41,https://www.coursera.org/learn/algorithms-part1/lecture/7An9B/binary-search-trees,42,https://www.coursera.org/learn/algorithms-part1/lecture/aJdPT/ordered-operations-in-bsts,binary search trees,ordered operations in bsts,1
41,https://www.coursera.org/learn/algorithms-part1/lecture/7An9B/binary-search-trees,43,https://www.coursera.org/learn/algorithms-part1/lecture/PWZAr/deletion-in-bsts,binary search trees,deletion in bsts,1
41,https://www.coursera.org/learn/algorithms-part1/lecture/7An9B/binary-search-trees,44,https://www.coursera.org/learn/algorithms-part1/lecture/wIUNW/2-3-search-trees,binary search trees,search trees,1
41,https://www.coursera.org/learn/algorithms-part1/lecture/7An9B/binary-search-trees,46,https://www.coursera.org/learn/algorithms-part1/lecture/HIlHd/b-trees-optional,binary search trees,b trees optional,1
41,https://www.coursera.org/learn/algorithms-part1/lecture/7An9B/binary-search-trees,47,https://www.coursera.org/learn/algorithms-part1/lecture/wSISD/1d-range-search,binary search trees,1d range search,0
41,https://www.coursera.org/learn/algorithms-part1/lecture/7An9B/binary-search-trees,48,https://www.coursera.org/learn/algorithms-part1/lecture/HeK99/line-segment-intersection,binary search trees,line segment intersection,0
41,https://www.coursera.org/learn/algorithms-part1/lecture/7An9B/binary-search-trees,49,https://www.coursera.org/learn/algorithms-part1/lecture/Yionu/kd-trees,binary search trees,kd trees,0
41,https://www.coursera.org/learn/algorithms-part1/lecture/7An9B/binary-search-trees,51,https://www.coursera.org/learn/algorithms-part1/lecture/mNiwq/rectangle-intersection,binary search trees,rectangle intersection,0
41,https://www.coursera.org/learn/algorithms-part1/lecture/7An9B/binary-search-trees,52,https://www.coursera.org/learn/algorithms-part1/lecture/CMLqa/hash-tables,binary search trees,hash tables,0
41,https://www.coursera.org/learn/algorithms-part1/lecture/7An9B/binary-search-trees,54,https://www.coursera.org/learn/algorithms-part1/lecture/He696/linear-probing,binary search trees,linear probing,0
41,https://www.coursera.org/learn/algorithms-part1/lecture/7An9B/binary-search-trees,56,https://www.coursera.org/learn/algorithms-part1/lecture/ewcSx/symbol-table-applications-sets-optional,binary search trees,symbol table applications sets optional,0
42,https://www.coursera.org/learn/algorithms-part1/lecture/aJdPT/ordered-operations-in-bsts,52,https://www.coursera.org/learn/algorithms-part1/lecture/CMLqa/hash-tables,ordered operations in bsts,hash tables,0
42,https://www.coursera.org/learn/algorithms-part1/lecture/aJdPT/ordered-operations-in-bsts,56,https://www.coursera.org/learn/algorithms-part1/lecture/ewcSx/symbol-table-applications-sets-optional,ordered operations in bsts,symbol table applications sets optional,0
43,https://www.coursera.org/learn/algorithms-part1/lecture/PWZAr/deletion-in-bsts,44,https://www.coursera.org/learn/algorithms-part1/lecture/wIUNW/2-3-search-trees,deletion in bsts,search trees,1
43,https://www.coursera.org/learn/algorithms-part1/lecture/PWZAr/deletion-in-bsts,48,https://www.coursera.org/learn/algorithms-part1/lecture/HeK99/line-segment-intersection,deletion in bsts,line segment intersection,0
43,https://www.coursera.org/learn/algorithms-part1/lecture/PWZAr/deletion-in-bsts,49,https://www.coursera.org/learn/algorithms-part1/lecture/Yionu/kd-trees,deletion in bsts,kd trees,0
43,https://www.coursera.org/learn/algorithms-part1/lecture/PWZAr/deletion-in-bsts,51,https://www.coursera.org/learn/algorithms-part1/lecture/mNiwq/rectangle-intersection,deletion in bsts,rectangle intersection,0
43,https://www.coursera.org/learn/algorithms-part1/lecture/PWZAr/deletion-in-bsts,52,https://www.coursera.org/learn/algorithms-part1/lecture/CMLqa/hash-tables,deletion in bsts,hash tables,0
43,https://www.coursera.org/learn/algorithms-part1/lecture/PWZAr/deletion-in-bsts,54,https://www.coursera.org/learn/algorithms-part1/lecture/He696/linear-probing,deletion in bsts,linear probing,0
43,https://www.coursera.org/learn/algorithms-part1/lecture/PWZAr/deletion-in-bsts,56,https://www.coursera.org/learn/algorithms-part1/lecture/ewcSx/symbol-table-applications-sets-optional,deletion in bsts,symbol table applications sets optional,0
44,https://www.coursera.org/learn/algorithms-part1/lecture/wIUNW/2-3-search-trees,46,https://www.coursera.org/learn/algorithms-part1/lecture/HIlHd/b-trees-optional,search trees,b trees optional,1
44,https://www.coursera.org/learn/algorithms-part1/lecture/wIUNW/2-3-search-trees,52,https://www.coursera.org/learn/algorithms-part1/lecture/CMLqa/hash-tables,search trees,hash tables,0
44,https://www.coursera.org/learn/algorithms-part1/lecture/wIUNW/2-3-search-trees,56,https://www.coursera.org/learn/algorithms-part1/lecture/ewcSx/symbol-table-applications-sets-optional,search trees,symbol table applications sets optional,0
46,https://www.coursera.org/learn/algorithms-part1/lecture/HIlHd/b-trees-optional,48,https://www.coursera.org/learn/algorithms-part1/lecture/HeK99/line-segment-intersection,b trees optional,line segment intersection,0
46,https://www.coursera.org/learn/algorithms-part1/lecture/HIlHd/b-trees-optional,49,https://www.coursera.org/learn/algorithms-part1/lecture/Yionu/kd-trees,b trees optional,kd trees,0
46,https://www.coursera.org/learn/algorithms-part1/lecture/HIlHd/b-trees-optional,51,https://www.coursera.org/learn/algorithms-part1/lecture/mNiwq/rectangle-intersection,b trees optional,rectangle intersection,0
46,https://www.coursera.org/learn/algorithms-part1/lecture/HIlHd/b-trees-optional,52,https://www.coursera.org/learn/algorithms-part1/lecture/CMLqa/hash-tables,b trees optional,hash tables,0
46,https://www.coursera.org/learn/algorithms-part1/lecture/HIlHd/b-trees-optional,54,https://www.coursera.org/learn/algorithms-part1/lecture/He696/linear-probing,b trees optional,linear probing,0
46,https://www.coursera.org/learn/algorithms-part1/lecture/HIlHd/b-trees-optional,56,https://www.coursera.org/learn/algorithms-part1/lecture/ewcSx/symbol-table-applications-sets-optional,b trees optional,symbol table applications sets optional,0
47,https://www.coursera.org/learn/algorithms-part1/lecture/wSISD/1d-range-search,52,https://www.coursera.org/learn/algorithms-part1/lecture/CMLqa/hash-tables,1d range search,hash tables,0
47,https://www.coursera.org/learn/algorithms-part1/lecture/wSISD/1d-range-search,56,https://www.coursera.org/learn/algorithms-part1/lecture/ewcSx/symbol-table-applications-sets-optional,1d range search,symbol table applications sets optional,0
48,https://www.coursera.org/learn/algorithms-part1/lecture/HeK99/line-segment-intersection,52,https://www.coursera.org/learn/algorithms-part1/lecture/CMLqa/hash-tables,line segment intersection,hash tables,0
48,https://www.coursera.org/learn/algorithms-part1/lecture/HeK99/line-segment-intersection,56,https://www.coursera.org/learn/algorithms-part1/lecture/ewcSx/symbol-table-applications-sets-optional,line segment intersection,symbol table applications sets optional,0
49,https://www.coursera.org/learn/algorithms-part1/lecture/Yionu/kd-trees,52,https://www.coursera.org/learn/algorithms-part1/lecture/CMLqa/hash-tables,kd trees,hash tables,0
49,https://www.coursera.org/learn/algorithms-part1/lecture/Yionu/kd-trees,56,https://www.coursera.org/learn/algorithms-part1/lecture/ewcSx/symbol-table-applications-sets-optional,kd trees,symbol table applications sets optional,0
51,https://www.coursera.org/learn/algorithms-part1/lecture/mNiwq/rectangle-intersection,52,https://www.coursera.org/learn/algorithms-part1/lecture/CMLqa/hash-tables,rectangle intersection,hash tables,0
51,https://www.coursera.org/learn/algorithms-part1/lecture/mNiwq/rectangle-intersection,56,https://www.coursera.org/learn/algorithms-part1/lecture/ewcSx/symbol-table-applications-sets-optional,rectangle intersection,symbol table applications sets optional,0
52,https://www.coursera.org/learn/algorithms-part1/lecture/CMLqa/hash-tables,54,https://www.coursera.org/learn/algorithms-part1/lecture/He696/linear-probing,hash tables,linear probing,1
52,https://www.coursera.org/learn/algorithms-part1/lecture/CMLqa/hash-tables,56,https://www.coursera.org/learn/algorithms-part1/lecture/ewcSx/symbol-table-applications-sets-optional,hash tables,symbol table applications sets optional,0
54,https://www.coursera.org/learn/algorithms-part1/lecture/He696/linear-probing,56,https://www.coursera.org/learn/algorithms-part1/lecture/ewcSx/symbol-table-applications-sets-optional,linear probing,symbol table applications sets optional,0
